season,game_id,season_type,home_team,away_team,spread_line,total_line,game_date,week,play_id,desc,play_type,two_point_attempt,drive,series,drive_play_count,drive_time_of_possession,posteam,posteam_type,defteam,yardline_100,quarter_seconds_remaining,half_seconds_remaining,game_seconds_remaining,qtr,game_half,quarter_end,down,goal_to_go,ydstogo,qb_spike,no_huddle,shotgun,home_timeouts_remaining,away_timeouts_remaining,score_differential,total_home_rush_epa,total_home_pass_epa,total_away_rush_epa,total_away_pass_epa,total_home_rush_wpa,total_away_rush_wpa,total_home_pass_wpa,total_away_pass_wpa,passer_player_id,qb_epa,roof,surface,temp,wind,rush_attempt,pass_attempt,field_goal_attempt,punt_attempt,penalty,penalty_yards,timeout,qb_hit,air_yards,yards_after_catch,air_epa,yac_epa,epa,wpa,wp,ep,pt_play_no,pt_spread,pt_fd_pass_pct,pt_sd_pass_pct,pt_td_pass_pct,pt_gtg_pass_pct,pt_neutral_pass_pct,pt_scripted_pass_pct,pt_pass_pct,pt_run_left_pct,pt_run_right_pct,pt_rush_epa_play,pt_pass_epa_play,pt_rush_wpa_play,pt_pass_wpa_play,pos_team_game_no,def_team_game_no,passer_name,qb_pass_attempts,qb_pass_epa_play_adj,qb_pass_wpa_play_adj,pt_penalty,pt_timeout,pass_deep,pass_right,pass_left,pt_home
2019,2019_16_NYG_WAS,REG,WAS,NYG,-1.0,42.0,2019-12-22,16,36,(15:00) (Shotgun) 8-D.Jones pass short right to 87-S.Shepard to NYG 33 for 8 yards (41-D.Johnson).,pass,0,1,1,5,2:39,NYG,away,WAS,75,900,1800,3600,1,Half1,0,1,0,10,0,0,1,3,3,0,0.0,-0.622101735323668,0.0,0.622101735323668,0.0,0.0,-0.00770765542984,0.00770765542984,00-0035710,0.622101735323668,outdoors,grass,44,6,0,1,0,0,0,0,0,0,7,1,0.381981752812862,0.240119982510805,0.622101735323668,0.00770765542984,0.433207958936691,0.770222366787493,1,1.0,0.546116504854369,0.622516556291391,0.835897435897436,0.0185185185185185,0.571056062581486,0.493333333333333,0.640641711229947,0.306547619047619,0.389880952380952,-0.0285239392433696,-0.0755194858805744,-0.0004696526291421,-0.0013688925170333,15,15,Daniel Jones,446,-0.0803741248643676,-0.0010155337322518,0,0,0,1,0,0
2017,2017_05_NYJ_CLE,REG,CLE,NYJ,-1.5,41.5,2017-10-08,5,48,(14:56) 29-B.Powell left tackle to NYJ 26 for no gain (90-E.Ogbah).,run_left,0,1,1,3,2:05,NYJ,away,CLE,74,896,1796,3596,1,Half1,0,1,0,10,0,0,0,3,3,0,0.535432440694422,0.0,-0.535432440694422,0.0,0.0179121494293213,-0.0179121494293213,0.0,0.0,00-0021206,-0.535432440694422,outdoors,grass,67,8,1,0,0,0,0,0,0,0,0,0,0.0,0.0,-0.535432440694422,-0.0179121494293213,0.433207958936691,0.692927797790617,1,1.5,0.413223140495868,0.634408602150538,0.791044776119403,0.0,0.529182879377432,0.546666666666667,0.580071174377224,0.322033898305085,0.305084745762712,-0.152895750101973,-0.0239094264212339,-0.0019756132390317,-0.0008505384721043,5,5,Josh McCown,162,-0.0714483861546952,-0.0023604794375453,0,0,0,0,0,0
2018,2018_03_NYG_HOU,REG,HOU,NYG,6.5,44.0,2018-09-23,3,48,(14:55) (Shotgun) 26-L.Miller left guard to HOU 28 for 2 yards (98-D.Harrison).,run_left,0,1,1,11,4:50,HOU,home,NYG,74,895,1795,3595,1,Half1,0,1,0,10,0,0,1,3,3,0,-0.504462223034352,0.0,0.504462223034352,0.0,-0.0113515257835388,0.0113515257835388,0.0,0.0,00-0033537,-0.504462223034352,closed,astroturf,74,0,1,0,0,0,0,0,0,0,0,0,0.0,0.0,-0.504462223034352,-0.0113515257835388,0.546261787414551,1.63177285017446,1,6.5,0.471910112359551,0.617647058823529,0.828571428571429,0.0,0.518518518518518,0.4,0.597938144329897,0.371794871794872,0.435897435897436,-0.085043017498651,0.0540866875103845,-0.0046851000724694,-0.0029623218514204,3,3,Deshaun Watson,116,-0.0018027674031601,-0.0010267811002243,0,0,0,0,0,1
2017,2017_07_CIN_PIT,REG,PIT,CIN,4.0,40.0,2017-10-22,7,49,(15:00) 10-M.Bryant left end to PIT 27 for 2 yards (36-S.Williams).,run_left,0,1,1,9,5:35,PIT,home,CIN,75,900,1800,3600,1,Half1,0,1,0,10,0,0,0,3,3,0,-0.419490407686681,0.0,0.419490407686681,0.0,-0.0182319283485413,0.0182319283485413,0.0,0.0,00-0022924,-0.419490407686681,outdoors,grass,79,6,1,0,0,0,0,0,0,0,0,0,0.0,0.0,-0.419490407686681,-0.0182319283485413,0.546261787414551,1.45739114051685,1,4.0,0.490291262135922,0.512658227848101,0.808988764044944,0.0,0.535620052770449,0.428571428571429,0.564159292035398,0.32994923857868,0.395939086294416,-0.0361927452253087,0.0155168164327463,0.0004279918285602,-0.0003185432111726,7,6,Ben Roethlisberger,254,0.0355583796491251,0.00067249076976,0,0,0,0,0,1
2016,2016_01_OAK_NO,REG,NO,LV,2.5,50.0,2016-09-11,1,50,(15:00) 68-T.Lelito reported in as eligible.  9-D.Brees pass incomplete deep left to 82-C.Fleener.,pass,0,1,1,3,0:15,NO,home,LV,75,900,1800,3600,1,Half1,0,1,0,10,0,0,0,3,3,0,0.0,-0.656569286715239,0.0,0.656569286715239,0.0,0.0,-0.0182319283485413,0.0182319283485413,00-0020531,-0.656569286715239,dome,sportturf,74,0,0,1,0,0,0,0,0,0,17,0,0.872800136217847,-1.52936942293309,-0.656569286715239,-0.0182319283485413,0.546261787414551,1.80874524405226,1,2.5,0.5625,0.80952380952381,0.583333333333333,0.0,0.60655737704918,0.666666666666667,0.661538461538462,0.590909090909091,0.409090909090909,-0.0857874987599086,0.357503969619763,-0.0010175623676993,0.015566648832962,1,1,Drew Brees,43,0.120836302066672,0.0041556872442492,0,0,1,0,1,1
2016,2016_03_ATL_NO,REG,NO,ATL,2.5,54.0,2016-09-26,3,50,(15:00) 68-T.Lelito reported in as eligible.  22-M.Ingram right tackle to NO 28 for 3 yards (22-K.Neal).,run_right,0,1,1,11,6:35,NO,home,ATL,75,900,1800,3600,1,Half1,0,1,0,10,0,0,0,3,3,0,-0.380181318614632,0.0,0.380181318614632,0.0,-0.0066408514976501,0.0066408514976501,0.0,0.0,00-0020531,-0.380181318614632,dome,sportturf,74,0,1,0,0,0,0,0,0,0,0,0,0.0,0.0,-0.380181318614632,-0.0066408514976501,0.546261787414551,1.80874524405226,1,2.5,0.617021276595745,0.797101449275362,0.815789473684211,0.0,0.638418079096045,0.511111111111111,0.714285714285714,0.46551724137931,0.517241379310345,0.0069134964342796,0.104586157782866,-0.0003697887440693,0.0048990960544072,3,3,Drew Brees,145,0.0931084688234532,0.0033086140786701,0,0,0,0,0,1
2016,2016_03_LA_TB,REG,TB,LA,3.5,40.5,2016-09-25,3,50,(15:00) (Shotgun) 17-C.Keenum pass incomplete short left to 88-L.Kendricks (28-V.Hargreaves).,pass,0,1,1,8,3:02,LA,away,TB,75,900,1800,3600,1,Half1,0,1,0,10,0,0,1,3,3,0,0.0,0.601796852890402,0.0,-0.601796852890402,0.0,0.0,0.0179121494293213,-0.0179121494293213,00-0028986,-0.601796852890402,outdoors,grass,91,4,0,1,0,0,0,0,0,0,5,0,0.0275242514908314,-0.629321104381233,-0.601796852890402,-0.0179121494293213,0.433207958936691,0.651268175337464,1,-3.5,0.391891891891892,0.576271186440678,0.85,0.0,0.463414634146341,0.6,0.554285714285714,0.307692307692308,0.307692307692308,-0.0903774722044965,-0.299829008433596,-0.0008662463511136,-0.0045918619746534,3,3,Case Keenum,97,-0.0874672974905248,-0.0020748714151526,0,0,0,0,1,0
2016,2016_06_BAL_NYG,REG,NYG,BAL,3.5,42.5,2016-10-16,6,50,(15:00) 5-J.Flacco pass incomplete short right to 17-M.Wallace (41-D.Rodgers-Cromartie).,pass,0,1,1,10,4:50,BAL,away,NYG,75,900,1800,3600,1,Half1,0,1,0,10,0,0,0,3,3,0,0.0,0.690760366152972,0.0,-0.690760366152972,0.0,0.0,0.0179121494293213,-0.0179121494293213,00-0026158,-0.690760366152972,outdoors,fieldturf,66,6,0,1,0,0,0,0,0,0,3,0,-0.398319393396378,-0.292440972756594,-0.690760366152972,-0.0179121494293213,0.433207958936691,0.651268175337464,1,-3.5,0.55,0.65,0.881720430107527,0.0,0.603036876355748,0.533333333333333,0.660332541567696,0.370629370629371,0.454545454545455,-0.0746347772253018,-0.0795713037727327,-0.0012143837703015,-0.006484607935207,6,6,Joe Flacco,277,-0.0273555176431898,-0.0033301492026192,0,0,0,1,0,0
2016,2016_07_HOU_DEN,REG,DEN,HOU,8.5,40.0,2016-10-24,7,50,(15:00) 26-L.Miller up the middle to HOU 27 for 2 yards (92-S.Williams).,run_middle,0,1,1,3,1:23,HOU,away,DEN,75,900,1800,3600,1,Half1,0,1,0,10,0,0,0,3,3,0,0.451074835378677,0.0,-0.451074835378677,0.0,0.0179121494293213,-0.0179121494293213,0.0,0.0,00-0029682,-0.451074835378677,outdoors,grass,71,5,1,0,0,0,0,0,0,0,0,0,0.0,0.0,-0.451074835378677,-0.0179121494293213,0.433207958936691,0.651268175337464,1,-8.5,0.542713567839196,0.551948051948052,0.771428571428571,0.0625,0.5,0.466666666666667,0.606911447084233,0.296703296703297,0.357142857142857,-0.108963448409407,-0.140738232498128,-0.0008918508250374,-0.0007524269410164,7,7,Brock Osweiler,281,-0.0771386767195938,-0.0004965657720547,0,0,0,0,0,0
2017,2017_07_CAR_CHI,REG,CHI,CAR,-2.5,39.5,2017-10-22,7,50,(15:00) (Shotgun) 22-C.McCaffrey left guard to CAR 27 for 2 yards (96-A.Hicks).,run_left,0,1,1,9,6:01,CAR,away,CHI,75,900,1800,3600,1,Half1,0,1,0,10,0,0,1,3,3,0,0.44504966493696,0.0,-0.44504966493696,0.0,0.0179121494293213,-0.0179121494293213,0.0,0.0,00-0027939,-0.44504966493696,outdoors,grass,70,15,1,0,0,0,0,0,0,0,0,0,0.0,0.0,-0.44504966493696,-0.0179121494293213,0.433207958936691,0.651268175337464,1,2.5,0.522167487684729,0.513333333333333,0.755102040816326,0.0384615384615385,0.525065963060686,0.447619047619048,0.573951434878587,0.38860103626943,0.33160621761658,-0.190385532066208,-0.0185565079383905,-0.0032964797965017,0.0017630979104176,7,7,Cam Newton,253,-0.0147441021127434,0.0011028491733615,0,0,0,0,0,0
2017,2017_13_SF_CHI,REG,CHI,SF,2.5,42.0,2017-12-03,13,50,(15:00) (Shotgun) 10-J.Garoppolo pass incomplete short right to 18-L.Murphy.,pass,0,1,1,14,6:48,SF,away,CHI,75,900,1800,3600,1,Half1,0,1,0,10,0,0,1,3,3,0,0.0,0.600612352602184,0.0,-0.600612352602184,0.0,0.0,0.0179121494293213,-0.0179121494293213,00-0031345,-0.600612352602184,outdoors,grass,54,6,0,1,0,0,0,0,0,0,10,0,0.551837385632098,-1.15244973823428,-0.600612352602184,-0.0179121494293213,0.433207958936691,0.651268175337464,1,-2.5,0.546511627906977,0.629482071713147,0.822222222222222,0.0,0.542134831460674,0.483333333333333,0.638432364096081,0.34965034965035,0.374125874125874,-0.0480671383416098,-0.13457543708886,-0.0024326821016698,-0.0039091427999669,12,12,Jimmy Garoppolo,41,0.0316932272234712,0.0022069432539147,0,0,0,1,0,0
2018,2018_07_NE_CHI,REG,CHI,NE,-1.0,49.0,2018-10-21,7,50,(15:00) 26-S.Michel right tackle to NE 43 for 18 yards (59-D.Trevathan).,run_right,0,1,1,8,4:00,NE,away,CHI,75,900,1800,3600,1,Half1,0,1,0,10,0,0,0,3,3,0,-1.24897590931505,0.0,1.24897590931505,0.0,-0.0292190909385681,0.0292190909385681,0.0,0.0,00-0019596,1.24897590931505,outdoors,grass,44,9,1,0,0,0,0,0,0,0,0,0,0.0,0.0,1.24897590931505,0.0292190909385681,0.433207958936691,0.770222366787493,1,1.0,0.478468899521531,0.605095541401274,0.717647058823529,0.0,0.544585987261146,0.495238095238095,0.570484581497797,0.4,0.302564102564103,-0.0272521262388813,0.137473225499419,0.0005438133991299,0.0040648202920854,7,6,Tom Brady,259,0.140278295316436,0.0038930348693106,0,0,0,0,0,0
2018,2018_13_IND_JAX,REG,JAX,IND,-4.0,45.5,2018-12-02,13,50,(15:00) (Shotgun) 6-C.Kessler pass short left to 24-T.Yeldon to JAX 26 for 1 yard (23-K.Moore II).,pass,0,1,1,3,1:30,JAX,home,IND,75,900,1800,3600,1,Half1,0,1,0,10,0,0,1,3,3,0,0.0,-0.555599094834179,0.0,0.555599094834179,0.0,0.0,-0.0182319283485413,0.0182319283485413,00-0033104,-0.555599094834179,outdoors,grass,78,13,0,1,0,0,0,0,0,0,-4,5,-1.53413315396756,0.978534059133381,-0.555599094834179,-0.0182319283485413,0.546261787414551,1.4740977678448,1,-4.0,0.507552870090634,0.584313725490196,0.748603351955307,0.0,0.477891156462585,0.427777777777778,0.589446589446589,0.250783699059561,0.213166144200627,-0.0858387640563871,-0.0802517273437634,-0.00185781891786,-0.0034509269457489,12,12,Cody Kessler,61,-0.080349321959363,-0.003040615756288,0,0,0,0,1,1
2019,2019_01_GB_CHI,REG,CHI,GB,3.5,47.0,2019-09-05,1,50,(15:00) 33-A.Jones left tackle to GB 25 for no gain (58-R.Smith).,run_left,0,1,1,3,1:59,GB,away,CHI,75,900,1800,3600,1,Half1,0,1,0,10,0,0,0,3,3,0,0.558898586314172,0.0,-0.558898586314172,0.0,0.0179121494293213,-0.0179121494293213,0.0,0.0,00-0023459,-0.558898586314172,outdoors,grass,65,10,1,0,0,0,0,0,0,0,0,0,0.0,0.0,-0.558898586314172,-0.0179121494293213,0.433207958936691,0.770222366787493,1,-3.5,0.5,0.684210526315789,0.833333333333333,0.0,0.557377049180328,0.666666666666667,0.636363636363636,0.6,0.4,-0.323896369928264,-0.108301079085296,-0.0057437911629676,-0.0029400425557072,1,1,Aaron Rodgers,35,0.023742790174747,0.0006233162676541,0,0,0,0,0,0
2016,2016_01_CAR_DEN,REG,DEN,CAR,-3.0,40.5,2016-09-08,1,51,(15:00) 13-T.Siemian pass short left to 88-D.Thomas to DEN 36 for 11 yards (59-L.Kuechly).,pass,0,1,1,8,3:23,DEN,home,CAR,75,900,1800,3600,1,Half1,0,1,0,10,0,0,0,3,3,0,0.0,0.769423683639616,0.0,-0.769423683639616,0.0,0.0,0.0263115763664246,-0.0263115763664246,00-0032156,0.769423683639616,outdoors,grass,85,10,0,1,0,0,0,0,0,0,0,11,-0.600520370062441,1.36994405370206,0.769423683639616,0.0263115763664246,0.546261787414551,1.45739114051685,1,-3.0,0.481481481481481,0.470588235294118,0.7,0.0,0.482758620689655,0.533333333333333,0.509090909090909,0.296296296296296,0.518518518518518,0.11072629471676,-0.101687166583101,0.0072727589928475,-0.0048270994934455,1,1,Trevor Siemian,28,-0.039754261113354,-0.0014533842049551,0,0,0,0,1,1
2016,2016_01_CIN_NYJ,REG,NYJ,CIN,1.0,42.0,2016-09-11,1,51,(15:00) 32-J.Hill left tackle to CIN 26 for 1 yard (99-S.McLendon).,run_left,0,1,1,3,2:31,CIN,away,NYJ,75,900,1800,3600,1,Half1,0,1,0,10,0,0,0,3,3,0,0.508923612535,0.0,-0.508923612535,0.0,0.0179121494293213,-0.0179121494293213,0.0,0.0,00-0027973,-0.508923612535,outdoors,fieldturf,79,17,1,0,0,0,0,0,0,0,0,0,0.0,0.0,-0.508923612535,-0.0179121494293213,0.433207958936691,0.651268175337464,1,-1.0,0.615384615384615,0.611111111111111,0.909090909090909,0.0,0.596774193548387,0.666666666666667,0.672727272727273,0.388888888888889,0.333333333333333,0.0072934760537464,0.20488085593008,-0.0059210905732856,0.0106286467929316,1,1,Andy Dalton,37,0.0964932086684663,0.0028350278469718,0,0,0,0,0,0
2016,2016_01_MIA_SEA,REG,SEA,MIA,10.5,43.5,2016-09-11,1,51,(15:00) (Shotgun) 3-R.Wilson pass short right to 89-D.Baldwin pushed ob at SEA 32 for 7 yards (25-X.Howard).,pass,0,1,1,5,1:57,SEA,home,MIA,75,900,1800,3600,1,Half1,0,1,0,10,0,0,1,3,3,0,0.0,0.373719613999128,0.0,-0.373719613999128,0.0,0.0,0.0179706811904907,-0.0179706811904907,00-0029263,0.373719613999128,outdoors,fieldturf,61,2,0,1,0,0,0,0,0,0,5,2,0.0043512140400707,0.369368399959058,0.373719613999128,0.0179706811904907,0.546261787414551,1.45739114051685,1,10.5,0.515151515151515,0.555555555555556,0.75,0.0,0.534883720930233,0.666666666666667,0.58974358974359,0.28125,0.25,-0.323528391887521,-0.0373562760046297,-0.0105087412521243,0.0063763976188748,1,1,Russell Wilson,46,0.088509452769353,0.0022970045532256,0,0,0,1,0,1
2016,2016_01_NE_ARI,REG,ARI,NE,9.0,44.5,2016-09-11,1,51,(15:00) 31-D.Johnson left tackle to ARI 27 for 2 yards (97-A.Branch).,run_left,0,1,1,5,3:13,ARI,home,NE,75,900,1800,3600,1,Half1,0,1,0,10,0,0,0,3,3,0,-0.441422512289137,0.0,0.441422512289137,0.0,-0.0182319283485413,0.0182319283485413,0.0,0.0,00-0021429,-0.441422512289137,closed,grass,74,0,1,0,0,0,0,0,0,0,0,0,0.0,0.0,-0.441422512289137,-0.0182319283485413,0.546261787414551,1.51534052472562,1,9.0,0.62962962962963,0.7,0.75,0.0,0.615384615384615,0.666666666666667,0.677966101694915,0.0526315789473684,0.263157894736842,0.110455727451297,0.207466211752927,0.0053343877396951,0.0070190418113224,1,1,Carson Palmer,40,0.126066604009951,0.0033551237391968,0,0,0,0,0,1
2016,2016_02_BAL_CLE,REG,CLE,BAL,-4.0,42.0,2016-09-18,2,51,(15:00) 34-I.Crowell right guard to CLE 24 for -1 yards (57-C.Mosley). #66 Drango Eligible Receiver,run_right,0,1,1,9,5:15,CLE,home,BAL,75,900,1800,3600,1,Half1,0,1,0,10,0,0,0,3,3,0,-1.00823963573202,0.0,1.00823963573202,0.0,-0.0263748168945312,0.0263748168945312,0.0,0.0,00-0021206,-1.00823963573202,outdoors,grass,74,7,1,0,0,0,0,0,0,0,0,0,0.0,0.0,-1.00823963573202,-0.0263748168945312,0.546261787414551,1.45739114051685,1,-4.0,0.48,0.612903225806452,0.8,0.0,0.550561797752809,0.5,0.596330275229358,0.295454545454545,0.545454545454545,-0.252132660018767,-0.0325629575979866,-0.0090923223569984,-0.0039956847992918,2,2,Josh McCown,36,0.012219459364095,-0.0012390415038933,0,0,0,0,0,1
2016,2016_02_CIN_PIT,REG,PIT,CIN,3.0,48.0,2016-09-18,2,51,(15:00) (Shotgun) 34-D.Williams up the middle to PIT 33 for 8 yards (58-R.Maualuga).,run_middle,0,1,1,3,1:47,PIT,home,CIN,75,900,1800,3600,1,Half1,0,1,0,10,0,0,1,3,3,0,0.583547614049166,0.0,-0.583547614049166,0.0,0.044218897819519,-0.044218897819519,0.0,0.0,00-0022924,0.583547614049166,outdoors,grass,72,4,1,0,0,0,0,0,0,0,0,0,0.0,0.0,0.583547614049166,0.044218897819519,0.546261787414551,1.45739114051685,1,3.0,0.396551724137931,0.469387755102041,0.870967741935484,0.0,0.548672566371681,0.5,0.539007092198582,0.338461538461538,0.307692307692308,-0.0072881317070613,0.272012754186995,6.53292410451679e-05,0.0041571040074483,2,2,Ben Roethlisberger,76,0.139036311337219,0.0020279639332628,0,0,0,0,0,1
2016,2016_02_GB_MIN,REG,MIN,GB,-1.5,43.0,2016-09-18,2,51,(15:00) (Shotgun) 8-S.Bradford pass short right to 28-A.Peterson to MIN 25 for no gain (50-B.Martinez).,pass,0,1,1,6,2:49,MIN,home,GB,75,900,1800,3600,1,Half1,0,1,0,10,0,0,1,3,3,0,0.0,-0.578909770585597,0.0,0.578909770585597,0.0,0.0,-0.0182319283485413,0.0182319283485413,00-0027854,-0.578909770585597,dome,sportturf,75,0,0,1,0,0,0,0,0,0,-1,1,-1.10418677283451,0.525277002248913,-0.578909770585597,-0.0182319283485413,0.546261787414551,1.80874524405226,1,-1.5,0.468085106382979,0.55,0.785714285714286,0.0,0.555555555555556,0.566666666666667,0.586206896551724,0.375,0.375,-0.371161751476372,0.228065068288778,-0.0104320825388034,0.0069093536379513,2,2,Sam Bradford,35,-0.0046501800281006,0.0001202194011326,0,0,0,1,0,1
2016,2016_02_SEA_LA,REG,LA,SEA,-5.5,38.0,2016-09-18,2,51,(15:00) (Shotgun) 17-C.Keenum pass short right to 88-L.Kendricks to LA 29 for 4 yards (50-K.Wright).,pass,0,1,1,9,4:22,LA,home,SEA,75,900,1800,3600,1,Half1,0,1,0,10,0,0,1,3,3,0,0.0,-0.0194161990657449,0.0,0.0194161990657449,0.0,0.0,-0.0061143636703491,0.0061143636703491,00-0028986,-0.0194161990657449,outdoors,grass,88,3,0,1,0,0,0,0,0,0,4,0,-0.0194161990657449,0.0,-0.0194161990657449,-0.0061143636703491,0.546261787414551,1.45739114051685,1,-5.5,0.458333333333333,0.605263157894737,0.925925925925926,0.0,0.5,0.6,0.608695652173913,0.333333333333333,0.311111111111111,-0.25108454251248,-0.314849727461603,-0.0044732817890083,-0.0046151300064853,2,2,Case Keenum,70,-0.0750473615130648,-0.001898929816006,0,0,0,1,0,1
2016,2016_02_TB_ARI,REG,ARI,TB,7.5,49.5,2016-09-18,2,51,(15:00) 11-L.Fitzgerald right end to ARI 29 for 4 yards (28-V.Hargreaves).,run_right,0,1,1,5,1:50,ARI,home,TB,75,900,1800,3600,1,Half1,0,1,0,10,0,0,0,3,3,0,-0.0635429993271828,0.0,0.0635429993271828,0.0,-0.0061143636703491,0.0061143636703491,0.0,0.0,00-0021429,-0.0635429993271828,closed,grass,75,0,1,0,0,0,0,0,0,0,0,0,0.0,0.0,-0.0635429993271828,-0.0061143636703491,0.546261787414551,1.51534052472562,1,7.5,0.509090909090909,0.581395348837209,0.846153846153846,0.0,0.58252427184466,0.566666666666667,0.604838709677419,0.204081632653061,0.244897959183673,-0.0241000617703432,0.290902244677438,0.0011154352014338,0.0052175581184904,2,2,Carson Palmer,71,0.156914929798485,0.0033726868527616,0,0,0,0,0,1
2016,2016_03_DET_GB,REG,GB,DET,6.0,47.5,2016-09-25,3,51,(15:00) 27-E.Lacy right end to GB 28 for 3 yards (53-K.Van Noy).,run_right,0,1,1,8,3:38,GB,home,DET,75,900,1800,3600,1,Half1,0,1,0,10,0,0,0,3,3,0,-0.322823903523386,0.0,0.322823903523386,0.0,-0.0066408514976501,0.0066408514976501,0.0,0.0,00-0023459,-0.322823903523386,outdoors,grass,72,17,1,0,0,0,0,0,0,0,0,0,0.0,0.0,-0.322823903523386,-0.0066408514976501,0.546261787414551,1.45739114051685,1,6.0,0.479452054794521,0.644067796610169,0.805555555555556,0.0,0.574324324324324,0.555555555555556,0.6,0.352941176470588,0.323529411764706,0.027545608623115,0.0808702675329767,-0.0015232631473324,0.0010262566920338,3,3,Aaron Rodgers,102,0.0592932740102875,0.0013306686546435,0,0,0,0,0,1
2016,2016_03_HOU_NE,REG,NE,HOU,1.0,38.5,2016-09-22,3,51,(15:00) (Shotgun) 26-L.Miller right end to HOU 34 for 9 yards (32-D.McCourty).,run_right,0,1,1,6,2:44,HOU,away,NE,75,900,1800,3600,1,Half1,0,1,0,10,0,0,1,3,3,0,-0.836221498902887,0.0,0.836221498902887,0.0,-0.031284362077713,0.031284362077713,0.0,0.0,00-0029682,0.836221498902887,outdoors,fieldturf,68,4,1,0,0,0,0,0,0,0,0,0,0.0,0.0,0.836221498902887,0.031284362077713,0.433207958936691,0.651268175337464,1,-1.0,0.475609756097561,0.52112676056338,0.686274509803922,0.0,0.482142857142857,0.422222222222222,0.555555555555556,0.315217391304348,0.391304347826087,-0.183168278195966,-0.0698519445599492,-0.001820528918,0.0005664969350031,3,3,Brock Osweiler,115,-0.0328034886339844,-3.64965782398537e-05,0,0,0,0,0,0
2016,2016_03_PIT_PHI,REG,PHI,PIT,-3.5,46.5,2016-09-25,3,51,(15:00) 7-B.Roethlisberger pass short left to 84-A.Brown to PIT 25 for no gain (53-N.Bradham).,pass,0,1,1,11,6:11,PIT,away,PHI,75,900,1800,3600,1,Half1,0,1,0,10,0,0,0,3,3,0,0.0,0.530499706044793,0.0,-0.530499706044793,0.0,0.0,0.0179121494293213,-0.0179121494293213,00-0022924,-0.530499706044793,outdoors,grass,73,7,0,1,0,0,0,0,0,0,0,0,-0.530499706044793,0.0,-0.530499706044793,-0.0179121494293213,0.433207958936691,0.651268175337464,1,3.5,0.511904761904762,0.573529411764706,0.880952380952381,0.0,0.5625,0.533333333333333,0.623115577889447,0.346666666666667,0.306666666666667,-0.0161894377569358,0.0454442735915236,-0.0007927396458569,0.002546532121919,3,3,Ben Roethlisberger,124,0.0886613175157594,0.0018017175521846,0,0,0,0,1,0
2016,2016_05_NYG_GB,REG,GB,NYG,7.0,49.0,2016-10-09,5,51,(15:00) 12-A.Rodgers pass short left to 18-R.Cobb to GB 31 for 6 yards (25-L.Hall).,pass,0,1,1,16,8:42,GB,home,NYG,75,900,1800,3600,1,Half1,0,1,0,10,0,0,0,3,3,0,0.0,0.218874354846776,0.0,-0.218874354846776,0.0,0.0,0.0012426376342773,-0.0012426376342773,00-0023459,0.218874354846776,outdoors,grass,49,7,0,1,0,0,0,0,0,0,5,1,0.0043512140400707,0.214523140806705,0.218874354846776,0.0012426376342773,0.546261787414551,1.45739114051685,1,7.0,0.471153846153846,0.642857142857143,0.814814814814815,0.0,0.571428571428571,0.533333333333333,0.602459016393443,0.360824742268041,0.350515463917526,0.0513078592780278,0.0461668570384847,-1.47756901225337e-05,0.0011609946674577,4,5,Aaron Rodgers,147,0.0501953959614565,0.0013441222759428,0,0,0,0,1,1
2016,2016_05_NYJ_PIT,REG,PIT,NYJ,10.0,50.0,2016-10-09,5,51,"(15:00) (Shotgun) 14-R.Fitzpatrick pass short middle to 81-Q.Enunwa to NYJ 38 for 13 yards (98-V.Williams, 23-M.Mitchell).",pass,0,1,1,8,3:15,NYJ,away,PIT,75,900,1800,3600,1,Half1,0,1,0,10,0,0,1,3,3,0,0.0,-0.831818263046443,0.0,0.831818263046443,0.0,0.0,-0.0216914415359497,0.0216914415359497,00-0023682,0.831818263046443,outdoors,grass,57,9,0,1,0,0,0,0,0,0,6,7,0.180345839355141,0.651472423691303,0.831818263046443,0.0216914415359497,0.433207958936691,0.651268175337464,1,-10.0,0.503496503496504,0.654867256637168,0.784615384615385,0.0,0.535971223021583,0.533333333333333,0.618461538461539,0.258064516129032,0.282258064516129,-0.0145541627374033,-0.0566149627760151,-0.0009949547524813,-4.22983510901465e-05,5,5,Ryan Fitzpatrick,201,0.0054648080320297,0.0003248424391324,0,0,0,0,0,0
2016,2016_05_SD_OAK,REG,LV,LAC,3.5,50.5,2016-10-09,5,51,(15:00) (Shotgun) 4-D.Carr pass short right to 10-S.Roberts to OAK 31 for 6 yards (26-C.Hayward).,pass,0,1,1,4,1:28,LV,home,LAC,75,900,1800,3600,1,Half1,0,1,0,10,0,0,1,3,3,0,0.0,0.221572367474437,0.0,-0.221572367474437,0.0,0.0,0.0012426376342773,-0.0012426376342773,00-0031280,0.221572367474437,outdoors,grass,75,7,0,1,0,0,0,0,0,0,5,1,0.0043512140400707,0.217221153434366,0.221572367474437,0.0012426376342773,0.546261787414551,1.45739114051685,1,3.5,0.588652482269504,0.568807339449541,0.82258064516129,0.0,0.573717948717949,0.546666666666667,0.630573248407643,0.379310344827586,0.310344827586207,-0.0167854245356184,0.201522042678167,-0.0016438628501217,0.0068541136280777,5,5,Derek Carr,198,0.0545505260196714,0.0021829373946241,0,0,0,1,0,1
2016,2016_05_TB_CAR,REG,CAR,TB,6.0,46.5,2016-10-10,5,51,(15:00) 32-J.Rodgers up the middle to TB 22 for -3 yards (99-K.Short; 95-C.Johnson).,run_middle,0,1,1,15,8:32,TB,away,CAR,75,900,1800,3600,1,Half1,0,1,0,10,0,0,0,3,3,0,1.27790983021259,0.0,-1.27790983021259,0.0,0.0283053815364838,-0.0283053815364838,0.0,0.0,00-0031503,-1.27790983021259,outdoors,grass,66,7,1,0,0,0,0,0,0,0,0,0,0.0,0.0,-1.27790983021259,-0.0283053815364838,0.433207958936691,0.651268175337464,1,-6.0,0.552631578947368,0.598360655737705,0.842857142857143,0.0,0.539007092198582,0.493333333333333,0.631123919308357,0.28125,0.359375,-0.135715890702544,-0.0778534646040049,-0.0058833583394611,0.0001363418097623,5,5,Jameis Winston,219,-0.0273825619407726,-0.0004661851552224,0,0,0,0,0,0
2016,2016_05_WAS_BAL,REG,BAL,WAS,4.0,44.5,2016-10-09,5,51,(15:00) 28-T.West right guard to BAL 29 for 4 yards (29-D.Ihenacho).,run_right,0,1,1,9,4:47,BAL,home,WAS,75,900,1800,3600,1,Half1,0,1,0,10,0,0,0,3,3,0,-0.0294497655704618,0.0,0.0294497655704618,0.0,-0.0061143636703491,0.0061143636703491,0.0,0.0,00-0026158,-0.0294497655704618,outdoors,grass,62,16,1,0,0,0,0,0,0,0,0,0,0.0,0.0,-0.0294497655704618,-0.0061143636703491,0.546261787414551,1.45739114051685,1,4.0,0.536912751677852,0.652173913043478,0.906666666666667,0.0,0.604774535809019,0.52,0.660869565217391,0.333333333333333,0.495726495726496,-0.0805307823296969,-0.092182763148342,-0.0002874127300272,-0.0069096945109049,5,5,Joe Flacco,227,-0.0278510671397475,-0.0032162855371318,0,0,0,0,0,1
2016,2016_06_CAR_NO,REG,NO,CAR,-2.5,53.5,2016-10-16,6,51,"(15:00) (Shotgun) 9-D.Brees pass short left to 10-B.Cooks pushed ob at NO 35 for 10 yards (54-S.Thompson). Pass 5, YAC 5",pass,0,1,1,12,6:05,NO,home,CAR,75,900,1800,3600,1,Half1,0,1,0,10,0,0,1,3,3,0,0.0,0.475772731006145,0.0,-0.475772731006145,0.0,0.0,0.0201284289360046,-0.0201284289360046,00-0020531,0.475772731006145,dome,sportturf,64,0,0,1,0,0,0,0,0,0,5,5,-0.0590744498185813,0.534847180824727,0.475772731006145,0.0201284289360046,0.546261787414551,1.80874524405226,1,-2.5,0.568627450980392,0.771929824561403,0.788732394366197,0.05,0.61986301369863,0.52,0.681286549707602,0.422018348623853,0.431192660550459,-0.0708787038998713,0.184514952382037,-0.0007952068057084,0.0069159925488642,5,6,Drew Brees,233,0.129466701730926,0.0044380572213986,0,0,0,0,1,1
2016,2016_06_CIN_NE,REG,NE,CIN,7.5,48.5,2016-10-16,6,51,(15:00) (Shotgun) 29-L.Blount left tackle to NE 35 for 10 yards (36-S.Williams).,run_left,0,1,1,8,2:54,NE,home,CIN,75,900,1800,3600,1,Half1,0,1,0,10,0,0,1,3,3,0,0.570314990356565,0.0,-0.570314990356565,0.0,0.0201284289360046,-0.0201284289360046,0.0,0.0,00-0019596,0.570314990356565,outdoors,fieldturf,66,14,1,0,0,0,0,0,0,0,0,0,0.0,0.0,0.570314990356565,0.0201284289360046,0.546261787414551,1.45739114051685,1,7.5,0.467836257309941,0.480314960629921,0.728395061728395,0.0714285714285714,0.508403361344538,0.488888888888889,0.526041666666667,0.406593406593407,0.307692307692308,-0.104415836793683,0.290485606570589,-0.0021377579613237,0.0086438213278823,6,6,Tom Brady,79,0.196006038365937,0.0036513664375082,0,0,0,0,0,1
2016,2016_06_CLE_TEN,REG,TEN,CLE,7.5,45.0,2016-10-16,6,51,(15:00) (Shotgun) 8-M.Mariota left end pushed ob at CLE 34 for 41 yards (33-J.Poyer).,run_left,0,1,1,7,4:23,TEN,home,CLE,75,900,1800,3600,1,Half1,0,1,0,10,0,0,1,3,3,0,2.41872674366459,0.0,-2.41872674366459,0.0,0.0861139297485352,-0.0861139297485352,0.0,0.0,00-0032268,2.41872674366459,outdoors,grass,75,10,1,0,0,0,0,0,0,0,0,0,0.0,0.0,2.41872674366459,0.0861139297485352,0.546261787414551,1.45739114051685,1,7.5,0.497005988023952,0.403225806451613,0.772151898734177,0.04,0.476839237057221,0.388888888888889,0.53083109919571,0.411428571428571,0.274285714285714,-0.0210971005292543,0.0564967401778675,-0.0010588986632284,0.0001055615319131,6,6,Marcus Mariota,198,0.0008979108639538,-0.000923184272752,0,0,0,0,0,1
2016,2016_06_DAL_GB,REG,GB,DAL,5.0,47.0,2016-10-16,6,51,(15:00) 21-E.Elliott up the middle to DAL 27 for 2 yards (98-L.Guion).,run_middle,0,1,1,8,4:57,DAL,away,GB,75,900,1800,3600,1,Half1,0,1,0,10,0,0,0,3,3,0,0.44504966493696,0.0,-0.44504966493696,0.0,0.0179121494293213,-0.0179121494293213,0.0,0.0,00-0033077,-0.44504966493696,outdoors,grass,69,8,1,0,0,0,0,0,0,0,0,0,0.0,0.0,-0.44504966493696,-0.0179121494293213,0.433207958936691,0.651268175337464,1,-5.0,0.359550561797753,0.518796992481203,0.791666666666667,0.0,0.485530546623794,0.466666666666667,0.494818652849741,0.38974358974359,0.420512820512821,0.0642461637425759,0.282325627349948,0.0029648106199359,0.0040580725253212,6,5,Dak Prescott,191,0.0872565421991834,0.000850134396572,0,0,0,0,0,0
2016,2016_06_NYJ_ARI,REG,ARI,NYJ,7.5,46.0,2016-10-17,6,51,(15:00) 3-C.Palmer pass short right to 85-D.Fells to ARI 33 for 8 yards (25-C.Pryor).,pass,0,1,1,5,2:48,ARI,home,NYJ,75,900,1800,3600,1,Half1,0,1,0,10,0,0,0,3,3,0,0.0,0.546799100935459,0.0,-0.546799100935459,0.0,0.0,0.0323793292045593,-0.0323793292045593,00-0021429,0.546799100935459,closed,grass,64,0,0,1,0,0,0,0,0,0,3,5,-0.395148030016571,0.94194713095203,0.546799100935459,0.0323793292045593,0.546261787414551,1.51534052472562,1,7.5,0.510752688172043,0.578571428571429,0.839506172839506,0.0,0.556574923547401,0.488888888888889,0.598039215686274,0.280487804878049,0.25,-0.0466447453079859,0.0356678530600391,-0.0006029232503323,-0.0016207314140181,6,6,Carson Palmer,199,0.108703301457246,0.0025576118961946,0,0,0,1,0,1
2016,2016_07_MIN_PHI,REG,PHI,MIN,-2.5,39.0,2016-10-23,7,51,(15:00) (Shotgun) 11-C.Wentz pass short right to 17-N.Agholor to PHI 29 for 4 yards (23-T.Newman).,pass,0,1,1,3,1:56,PHI,home,MIN,75,900,1800,3600,1,Half1,0,1,0,10,0,0,1,3,3,0,0.0,-0.0294060069136322,0.0,0.0294060069136322,0.0,0.0,-0.0061143636703491,0.0061143636703491,00-0032950,-0.0294060069136322,outdoors,grass,62,20,0,1,0,0,0,0,0,0,4,0,-0.0294060069136322,0.0,-0.0294060069136322,-0.0061143636703491,0.546261787414551,1.45739114051685,1,-2.5,0.452830188679245,0.579831932773109,0.716216216216216,0.0,0.563517915309446,0.588888888888889,0.553370786516854,0.433962264150943,0.314465408805031,-0.0966990130436236,0.128312541859743,-0.0033942492823101,0.0006630020954121,6,6,Carson Wentz,197,0.0293792340034178,-0.0004387172818398,0,0,0,1,0,1
2016,2016_07_NE_PIT,REG,PIT,NE,-7.5,49.0,2016-10-23,7,51,(15:00) (Shotgun) 3-L.Jones pass short left to 84-A.Brown to PIT 28 for 3 yards (23-P.Chung).,pass,0,1,1,3,2:09,PIT,home,NE,75,900,1800,3600,1,Half1,0,1,0,10,0,0,1,3,3,0,0.0,-0.31994928792119,0.0,0.31994928792119,0.0,0.0,-0.0066408514976501,0.0066408514976501,00-0030524,-0.31994928792119,outdoors,grass,63,13,0,1,0,0,0,0,0,0,2,1,-0.48258917266503,0.16263988474384,-0.31994928792119,-0.0066408514976501,0.546261787414551,1.45739114051685,1,-7.5,0.552083333333333,0.607843137254902,0.866666666666667,0.0,0.572368421052632,0.552380952380952,0.64334085778781,0.373417721518987,0.322784810126582,-0.0227761363376321,0.121667699860492,-0.0019694667482887,0.0022804119312441,7,7,Landry Jones,48,-0.0367258821524069,-0.0011107579946215,0,0,0,0,1,1
2016,2016_07_TB_SF,REG,SF,TB,1.0,45.0,2016-10-23,7,51,(15:00) (Shotgun) 7-C.Kaepernick scrambles left tackle pushed ob at SF 32 for 7 yards (58-K.Alexander).,run_left,0,1,1,5,1:58,SF,home,TB,75,900,1800,3600,1,Half1,0,1,0,10,0,0,1,3,3,0,0.374848378356546,0.0,-0.374848378356546,0.0,0.0179706811904907,-0.0179706811904907,0.0,0.0,00-0027974,0.374848378356546,outdoors,grass,68,5,1,0,0,0,0,0,0,0,0,0,0.0,0.0,0.374848378356546,0.0179706811904907,0.546261787414551,1.45739114051685,1,1.0,0.4375,0.468531468531469,0.70873786407767,0.0,0.398773006134969,0.40952380952381,0.514541387024608,0.391705069124424,0.271889400921659,0.0108175957374262,-0.226710820771077,-0.0024223195472939,-0.0034758744984204,7,6,Colin Kaepernick,70,-0.0696354704790078,-0.0012480055173572,0,0,0,0,0,1
2016,2016_09_NYJ_MIA,REG,MIA,NYJ,3.5,45.0,2016-11-06,9,51,(15:00) (Shotgun) 14-R.Fitzpatrick pass incomplete short left to 81-Q.Enunwa.,pass,0,1,1,13,6:34,NYJ,away,MIA,75,900,1800,3600,1,Half1,0,1,0,10,0,0,1,3,3,0,0.0,0.601796852890402,0.0,-0.601796852890402,0.0,0.0,0.0179121494293213,-0.0179121494293213,00-0023682,-0.601796852890402,outdoors,grass,80,14,0,1,0,0,0,0,0,0,7,0,0.350653178989887,-0.952450031880289,-0.601796852890402,-0.0179121494293213,0.433207958936691,0.651268175337464,1,-3.5,0.489711934156379,0.6,0.781512605042017,0.0,0.510978043912176,0.503703703703704,0.591150442477876,0.324675324675325,0.303030303030303,0.0063523959337742,-0.0703033485274159,0.0008213890820822,-0.0007402750518298,9,8,Ryan Fitzpatrick,315,-0.0111599182296543,-0.0002057446004429,0,0,0,0,1,0
2016,2016_09_PHI_NYG,REG,NYG,PHI,3.0,42.5,2016-11-06,9,51,"(15:00) 23-R.Jennings left tackle to NYG 31 for 6 yards (98-C.Barwin, 53-N.Bradham).",run_left,0,1,1,3,0:52,NYG,home,PHI,75,900,1800,3600,1,Half1,0,1,0,10,0,0,0,3,3,0,0.234645254444331,0.0,-0.234645254444331,0.0,0.0012426376342773,-0.0012426376342773,0.0,0.0,00-0022803,0.234645254444331,outdoors,fieldturf,56,9,1,0,0,0,0,0,0,0,0,0,0.0,0.0,0.234645254444331,0.0012426376342773,0.546261787414551,1.45739114051685,1,3.0,0.532710280373832,0.699386503067485,0.846938775510204,0.0,0.580578512396694,0.533333333333333,0.661122661122661,0.447852760736196,0.312883435582822,-0.162846776487304,-0.0193881652060307,-0.0019964117784703,0.0012829046752819,8,8,Eli Manning,317,0.0071098683781754,0.0014688291003945,0,0,0,0,0,1
2016,2016_09_TEN_SD,REG,LAC,TEN,3.5,47.5,2016-11-06,9,51,(15:00) (Shotgun) 28-M.Gordon up the middle to SD 26 for 1 yard (99-J.Casey).,run_middle,0,1,1,9,4:58,LAC,home,TEN,75,900,1800,3600,1,Half1,0,1,0,10,0,0,1,3,3,0,-0.50444698240608,0.0,0.50444698240608,0.0,-0.0182319283485413,0.0182319283485413,0.0,0.0,00-0022942,-0.50444698240608,outdoors,grass,76,6,1,0,0,0,0,0,0,0,0,0,0.0,0.0,-0.50444698240608,-0.0182319283485413,0.546261787414551,1.45739114051685,1,3.5,0.434456928838951,0.663316582914573,0.829059829059829,0.0,0.579166666666667,0.555555555555556,0.593537414965986,0.246861924686192,0.255230125523013,-0.0744264537363318,0.101790103859205,-0.0037854247467908,0.0028484820380809,9,9,Philip Rivers,347,0.0856311129419288,0.0019313389681989,0,0,0,0,0,1
2016,2016_10_DAL_PIT,REG,PIT,DAL,3.0,50.5,2016-11-13,10,51,"(15:00) 21-E.Elliott right guard to DAL 31 for 6 yards (21-R.Golden, 23-M.Mitchell).",run_right,0,1,1,3,1:15,DAL,away,PIT,75,900,1800,3600,1,Half1,0,1,0,10,0,0,0,3,3,0,-0.239717283286154,0.0,0.239717283286154,0.0,0.0075583159923553,-0.0075583159923553,0.0,0.0,00-0033077,0.239717283286154,outdoors,grass,56,7,1,0,0,0,0,0,0,0,0,0,0.0,0.0,0.239717283286154,-0.0075583159923553,0.433207958936691,0.651268175337464,1,-3.0,0.383763837638376,0.522613065326633,0.765765765765766,0.0,0.492871690427699,0.474074074074074,0.501700680272109,0.389078498293515,0.389078498293515,0.107666628558305,0.314293975609709,0.0041652522170947,0.0068117739424575,9,9,Dak Prescott,293,0.136065559486147,0.0028179626107938,0,0,0,0,0,0
2016,2016_10_LA_NYJ,REG,NYJ,LA,-1.0,39.0,2016-11-13,10,51,(15:00) (Shotgun) 30-T.Gurley up the middle to LA 25 for no gain (52-D.Harris).,run_middle,0,1,1,12,5:23,LA,away,NYJ,75,900,1800,3600,1,Half1,0,1,0,10,0,0,1,3,3,0,0.531002775765955,0.0,-0.531002775765955,0.0,0.0179121494293213,-0.0179121494293213,0.0,0.0,00-0028986,-0.531002775765955,outdoors,fieldturf,62,7,1,0,0,0,0,0,0,0,0,0,0.0,0.0,-0.531002775765955,-0.0179121494293213,0.433207958936691,0.651268175337464,1,1.0,0.457983193277311,0.635869565217391,0.846774193548387,0.0,0.525846702317291,0.555555555555556,0.605405405405405,0.296803652968037,0.333333333333333,-0.149238045378928,-0.1014352727062,-0.0042719309743723,-0.0027953982570826,9,10,Case Keenum,336,-0.0627303670255,-0.0020716815778539,0,0,0,0,0,0
2016,2016_10_MIA_SD,REG,LAC,MIA,4.0,48.5,2016-11-13,10,51,"(15:00) 28-M.Gordon right tackle to SD 27 for 2 yards (41-B.Maxwell, 97-J.Phillips).",run_right,0,1,1,6,3:00,LAC,home,MIA,75,900,1800,3600,1,Half1,0,1,0,10,0,0,0,3,3,0,-0.418992372695357,0.0,0.418992372695357,0.0,-0.0182319283485413,0.0182319283485413,0.0,0.0,00-0022942,-0.418992372695357,outdoors,grass,85,11,1,0,0,0,0,0,0,0,0,0,0.0,0.0,-0.418992372695357,-0.0182319283485413,0.546261787414551,1.45739114051685,1,4.0,0.444078947368421,0.671171171171171,0.84375,0.0,0.583032490974729,0.533333333333333,0.600910470409712,0.243346007604563,0.273764258555133,-0.095387276933445,0.0666779760450745,-0.0042302670547374,0.0008314694764353,10,9,Philip Rivers,394,0.0668794295734785,0.0008534056584596,0,0,0,0,0,1
2016,2016_10_SF_ARI,REG,ARI,SF,14.0,46.5,2016-11-13,10,51,(15:00) 31-D.Johnson right tackle to ARI 31 for 6 yards (99-D.Buckner).,run_right,0,1,1,3,0:55,ARI,home,SF,75,900,1800,3600,1,Half1,0,1,0,10,0,0,0,3,3,0,0.19766390370205,0.0,-0.19766390370205,0.0,0.0012426376342773,-0.0012426376342773,0.0,0.0,00-0021429,0.19766390370205,closed,grass,56,0,1,0,0,0,0,0,0,0,0,0,0.0,0.0,0.19766390370205,0.0012426376342773,0.546261787414551,1.51534052472562,1,14.0,0.555944055944056,0.611872146118721,0.824427480916031,0.0263157894736842,0.562380038387716,0.518518518518518,0.632075471698113,0.247863247863248,0.256410256410256,-0.0902110475230961,-0.0043819791142335,-0.0027247138128536,0.0015400366388595,9,9,Carson Palmer,357,0.0670773475704745,0.0034769650802958,0,0,0,0,0,1
2016,2016_11_BAL_DAL,REG,DAL,BAL,7.0,44.5,2016-11-20,11,51,(15:00) 21-E.Elliott left guard to DAL 26 for 1 yard (78-M.Pierce; 98-B.Williams).,run_left,0,1,1,3,1:55,DAL,home,BAL,75,900,1800,3600,1,Half1,0,1,0,10,0,0,0,3,3,0,-0.509958593640476,0.0,0.509958593640476,0.0,-0.0182319283485413,0.0182319283485413,0.0,0.0,00-0033077,-0.509958593640476,closed,matrixturf,52,0,1,0,0,0,0,0,0,0,0,0,0.0,0.0,-0.509958593640476,-0.0182319283485413,0.546261787414551,1.51534052472562,1,7.0,0.386138613861386,0.52914798206278,0.772357723577236,0.0,0.5,0.473333333333333,0.506870229007634,0.390092879256966,0.396284829721362,0.0832471671734385,0.332531795649376,0.0037007725809414,0.0075847616185305,10,10,Dak Prescott,330,0.155923342295788,0.0034528180703351,0,0,0,0,0,1
2016,2016_11_HOU_OAK,REG,LV,HOU,6.5,45.5,2016-11-21,11,51,(15:00) 17-B.Osweiler pass short left to 84-R.Griffin to HOU 29 for 4 yards (51-B.Irvin).,pass,0,1,1,13,6:26,HOU,away,LV,75,900,1800,3600,1,Half1,0,1,0,10,0,0,0,3,3,0,0.0,-0.0129127441905439,0.0,0.0129127441905439,0.0,0.0,0.0107263028621674,-0.0107263028621674,00-0029682,0.0129127441905439,outdoors,grass,63,6,0,1,0,0,0,0,0,0,4,0,0.0129127441905439,0.0,0.0129127441905439,-0.0107263028621674,0.433207958936691,0.651268175337464,1,-6.5,0.528571428571429,0.515981735159817,0.753333333333333,0.0357142857142857,0.497109826589595,0.466666666666667,0.580547112462006,0.286231884057971,0.351449275362319,-0.0733890890226777,-0.083966170855861,-0.000309466253773,0.0007500267152627,10,10,Brock Osweiler,382,-0.0549857414311845,0.0002989281591985,0,0,0,0,1,0
2016,2016_11_NE_SF,REG,SF,NE,-10.5,51.5,2016-11-20,11,51,(15:00) (Shotgun) 7-C.Kaepernick sacked at SF 25 for 0 yards (21-M.Butler).,pass,0,1,1,3,1:57,SF,home,NE,75,900,1800,3600,1,Half1,0,1,0,10,0,0,1,3,3,0,0.0,-0.529865092597902,0.0,0.529865092597902,0.0,0.0,-0.0182319283485413,0.0182319283485413,00-0027974,-0.529865092597902,outdoors,grass,64,6,0,1,0,0,0,0,0,1,0,0,0.0,0.0,-0.529865092597902,-0.0182319283485413,0.546261787414551,1.45739114051685,1,-10.5,0.467153284671533,0.48989898989899,0.741258741258741,0.0,0.430583501006036,0.42,0.539074960127592,0.356401384083045,0.26643598615917,-0.0519334039093333,-0.13569877517337,-0.0036889029340348,-0.0026744673504397,10,10,Colin Kaepernick,178,-0.0411861228903864,-0.001185601875991,0,0,0,0,0,1
2016,2016_11_NO_CAR,REG,CAR,NO,3.5,52.5,2016-11-17,11,51,(15:00) (Shotgun) 9-D.Brees pass incomplete short right to 10-B.Cooks.,pass,0,1,1,5,1:45,NO,away,CAR,75,900,1800,3600,1,Half1,0,1,0,10,0,0,1,3,3,0,0.0,0.690760366152972,0.0,-0.690760366152972,0.0,0.0,0.0179121494293213,-0.0179121494293213,00-0020531,-0.690760366152972,outdoors,grass,63,6,0,1,0,0,0,0,0,0,-3,0,-1.34401254123077,0.653252175077796,-0.690760366152972,-0.0179121494293213,0.433207958936691,0.651268175337464,1,-3.5,0.531446540880503,0.676991150442478,0.798561151079137,0.0204081632653061,0.582491582491583,0.513333333333333,0.634643377001456,0.422310756972112,0.390438247011952,-0.0596307396354251,0.178088555268914,-0.0020733713985255,0.0060887936760092,10,10,Drew Brees,436,0.140735726954148,0.0046296617475234,0,0,0,1,0,0
2016,2016_13_BUF_OAK,REG,LV,BUF,3.0,48.5,2016-12-04,13,51,(15:00) (Shotgun) 74-V.Alexander reported in as eligible.  28-L.Murray up the middle to OAK 30 for 5 yards (99-M.Dareus; 27-J.Ihedigbo).,run_middle,0,1,1,5,2:48,LV,home,BUF,75,900,1800,3600,1,Half1,0,1,0,10,0,0,1,3,3,0,0.0578659703023732,0.0,-0.0578659703023732,0.0,-0.0067306160926818,0.0067306160926818,0.0,0.0,00-0031280,0.0578659703023732,outdoors,grass,59,4,1,0,0,0,0,0,0,0,0,0,0.0,0.0,0.0578659703023732,-0.0067306160926818,0.546261787414551,1.45739114051685,1,3.0,0.545714285714286,0.555133079847909,0.795031055900621,0.0,0.562834224598931,0.555555555555556,0.604621309370988,0.347402597402597,0.233766233766234,-0.0303535949773491,0.161860569325607,0.0002794822218728,0.007714581637114,12,12,Derek Carr,470,0.0841002015692443,0.0043792952781797,0,0,0,0,0,1
2016,2016_13_HOU_GB,REG,GB,HOU,7.0,44.5,2016-12-04,13,51,(15:00) (Shotgun) 26-L.Miller left tackle to HOU 26 for 1 yard (53-N.Perry).,run_left,0,1,1,8,4:18,HOU,away,GB,75,900,1800,3600,1,Half1,0,1,0,10,0,0,1,3,3,0,0.508923612535,0.0,-0.508923612535,0.0,0.0179121494293213,-0.0179121494293213,0.0,0.0,00-0029682,-0.508923612535,outdoors,grass,32,8,1,0,0,0,0,0,0,0,0,0,0.0,0.0,-0.508923612535,-0.0179121494293213,0.433207958936691,0.651268175337464,1,-7.0,0.545722713864307,0.503846153846154,0.744318181818182,0.0285714285714286,0.489698890649762,0.455555555555556,0.580686149936468,0.287878787878788,0.339393939393939,-0.0918160478640276,-0.0829146829375317,-0.0011416710846084,-0.000136533832949,12,12,Brock Osweiler,457,-0.0572017129340304,-0.0001871003471207,0,0,0,0,0,0
2016,2016_13_NYG_PIT,REG,PIT,NYG,7.0,49.5,2016-12-04,13,51,(15:00) (Shotgun) 7-B.Roethlisberger pass short right to 26-L.Bell pushed ob at PIT 33 for 8 yards (90-J.Pierre-Paul).,pass,0,1,1,8,3:58,PIT,home,NYG,75,900,1800,3600,1,Half1,0,1,0,10,0,0,1,3,3,0,0.0,0.570443901233375,0.0,-0.570443901233375,0.0,0.0,0.0323793292045593,-0.0323793292045593,00-0022924,0.570443901233375,outdoors,grass,43,71,0,1,0,0,0,0,0,0,-8,16,-1.72256821347401,2.29301211470738,0.570443901233375,0.0323793292045593,0.546261787414551,1.45739114051685,1,7.0,0.540540540540541,0.591439688715953,0.850649350649351,0.0303030303030303,0.569343065693431,0.544444444444444,0.629139072847682,0.371428571428571,0.328571428571429,-0.0360076774591497,0.14929820381176,-0.0018039701158635,0.0029798293142836,12,12,Ben Roethlisberger,425,0.146125215469551,0.0026731900259843,0,0,0,1,0,1
2016,2016_13_TB_SD,REG,LAC,TB,3.5,49.0,2016-12-04,13,51,(15:00) (Shotgun) 17-P.Rivers pass short middle to 85-A.Gates to SD 31 for 6 yards (30-B.McDougald).,pass,0,1,1,8,4:07,LAC,home,TB,75,900,1800,3600,1,Half1,0,1,0,10,0,0,1,3,3,0,0.0,0.215606849640608,0.0,-0.215606849640608,0.0,0.0,0.0012426376342773,-0.0012426376342773,00-0022942,0.215606849640608,outdoors,grass,72,7,0,1,0,0,0,0,0,0,4,2,-0.0811368282884359,0.296743677929044,0.215606849640608,0.0012426376342773,0.546261787414551,1.45739114051685,1,3.5,0.451704545454545,0.66147859922179,0.824324324324324,0.0,0.578386605783866,0.527777777777778,0.597897503285151,0.228758169934641,0.284313725490196,-0.0766872091330661,0.0661564126512638,-0.0030726396910067,0.0008507903883425,12,12,Philip Rivers,453,0.0665515386493211,0.0008632698429048,0,0,0,0,0,1
2016,2016_13_WAS_ARI,REG,ARI,WAS,2.5,48.5,2016-12-04,13,51,(15:00) 31-D.Johnson left end to ARI 35 for 10 yards (29-D.Ihenacho).,run_left,0,1,1,15,8:17,ARI,home,WAS,75,900,1800,3600,1,Half1,0,1,0,10,0,0,0,3,3,0,0.53205893211998,0.0,-0.53205893211998,0.0,0.0201284289360046,-0.0201284289360046,0.0,0.0,00-0021429,0.53205893211998,closed,grass,53,0,1,0,0,0,0,0,0,0,0,0,0.0,0.0,0.53205893211998,0.0201284289360046,0.546261787414551,1.51534052472562,1,2.5,0.555555555555556,0.625874125874126,0.853801169590643,0.0178571428571429,0.564971751412429,0.505555555555556,0.643198090692124,0.25752508361204,0.264214046822742,-0.0724786280483106,-0.0072181730123592,-0.0022151038474906,0.0012533307769546,12,12,Carson Palmer,494,0.0529467155269105,0.002952753274998,0,0,0,0,0,1
2016,2016_14_ARI_MIA,REG,MIA,ARI,-2.0,44.0,2016-12-11,14,51,(15:00) 31-D.Johnson left guard to ARI 27 for 2 yards (50-A.Branch).,run_left,0,1,1,6,3:24,ARI,away,MIA,75,900,1800,3600,1,Half1,0,1,0,10,0,0,0,3,3,0,0.445043077692389,0.0,-0.445043077692389,0.0,0.0179121494293213,-0.0179121494293213,0.0,0.0,00-0021429,-0.445043077692389,outdoors,grass,77,18,1,0,0,0,0,0,0,0,0,0,0.0,0.0,-0.445043077692389,-0.0179121494293213,0.433207958936691,0.651268175337464,1,2.0,0.542997542997543,0.630718954248366,0.853260869565217,0.0169491525423729,0.559210526315789,0.502564102564103,0.638888888888889,0.28,0.264615384615385,-0.0867922509282944,-0.0220824831110281,-0.002680775753071,0.0007246527486541,13,13,Carson Palmer,530,0.0401475347692662,0.002516470029834,0,0,0,0,0,0
2016,2016_14_BAL_NE,REG,NE,BAL,6.0,45.5,2016-12-12,14,51,(15:00) 71-C.Fleming reported in as eligible.  29-L.Blount left guard to NE 27 for 2 yards (32-E.Weddle; 54-Z.Orr).,run_left,0,1,1,3,1:20,NE,home,BAL,75,900,1800,3600,1,Half1,0,1,0,10,0,0,0,3,3,0,-0.418992372695357,0.0,0.418992372695357,0.0,-0.0182319283485413,0.0182319283485413,0.0,0.0,00-0019596,-0.418992372695357,outdoors,fieldturf,31,3,1,0,0,0,0,0,0,0,0,0,0.0,0.0,-0.418992372695357,-0.0182319283485413,0.546261787414551,1.45739114051685,1,6.0,0.470899470899471,0.566176470588235,0.789772727272727,0.0307692307692308,0.551088777219431,0.502564102564103,0.570059880239521,0.384401114206128,0.334261838440111,-0.0367269859057784,0.260080807898873,1.46693385106372e-05,0.0067941894561597,13,13,Tom Brady,352,0.215590692728386,0.0043967487124336,0,0,0,0,0,1
2016,2016_14_NO_TB,REG,TB,NO,2.0,52.0,2016-12-11,14,51,(15:00) 3-J.Winston pass deep left to 89-R.Shepard to TB 42 for 17 yards (41-R.Harper).,pass,0,1,1,4,2:03,TB,home,NO,75,900,1800,3600,1,Half1,0,1,0,10,0,0,0,3,3,0,0.0,1.04196403431706,0.0,-1.04196403431706,0.0,0.0,0.0263115763664246,-0.0263115763664246,00-0031503,1.04196403431706,outdoors,grass,79,9,0,1,0,0,0,0,0,0,17,0,1.04196403431706,0.0,1.04196403431706,0.0263115763664246,0.546261787414551,1.45739114051685,1,2.0,0.440104166666667,0.594059405940594,0.814606741573034,0.0,0.502695417789757,0.446153846153846,0.572904707233065,0.309139784946237,0.311827956989247,-0.147604581474169,0.130079717912542,-0.0034533308512351,0.0035895037732321,13,13,Jameis Winston,488,0.0773336407394283,0.0019073696131972,0,0,1,0,1,1
2016,2016_14_SD_CAR,REG,CAR,LAC,1.0,48.5,2016-12-11,14,51,(15:00) 17-P.Rivers pass incomplete short middle to 28-M.Gordon.,pass,0,1,1,3,1:31,LAC,away,CAR,75,900,1800,3600,1,Half1,0,1,0,10,0,0,0,3,3,0,0.0,0.601796852890402,0.0,-0.601796852890402,0.0,0.0,0.0179121494293213,-0.0179121494293213,00-0022942,-0.601796852890402,outdoors,grass,37,6,0,1,0,0,0,0,0,0,-5,0,-1.39074955647811,0.788952703587711,-0.601796852890402,-0.0179121494293213,0.433207958936691,0.651268175337464,1,-1.0,0.461741424802111,0.660714285714286,0.832298136645963,0.0,0.577548005908419,0.523076923076923,0.604848484848485,0.233128834355828,0.288343558282209,-0.0829595792262964,0.0442273798039862,-0.0031815853606893,0.0002325886068284,13,13,Philip Rivers,497,0.0529197315166021,0.0004789019511433,0,0,0,0,0,0
2016,2016_15_JAX_HOU,REG,HOU,JAX,3.5,39.5,2016-12-18,15,51,(15:00) (Shotgun) 17-B.Osweiler pass short right to 84-R.Griffin pushed ob at HOU 34 for 9 yards (91-Y.Ngakoue).,pass,0,1,1,5,3:12,HOU,home,JAX,75,900,1800,3600,1,Half1,0,1,0,10,0,0,1,3,3,0,0.0,0.82421330595389,0.0,-0.82421330595389,0.0,0.0,0.0466025471687317,-0.0466025471687317,00-0029682,0.82421330595389,closed,fieldturf,45,0,0,1,0,0,0,0,0,0,-1,10,-1.04712728131562,1.87134058726951,0.82421330595389,0.0466025471687317,0.546261787414551,1.51534052472562,1,3.5,0.523690773067332,0.503225806451613,0.75,0.02,0.484771573604061,0.457142857142857,0.571120689655172,0.281407035175879,0.339195979899498,-0.0867694114598974,-0.0960860421944517,-0.0009124389034435,-0.0002507887247889,14,14,Brock Osweiler,494,-0.0768862305738926,-0.0004669781722463,0,0,0,1,0,1
2016,2016_17_BUF_NYJ,REG,NYJ,BUF,-3.5,43.0,2017-01-01,17,51,(15:00) (Shotgun) 3-E.Manuel pass short left to 14-S.Watkins ran ob at BUF 30 for 5 yards.,pass,0,1,1,6,3:17,BUF,away,NYJ,75,900,1800,3600,1,Half1,0,1,0,10,0,0,1,3,3,0,0.0,-0.0835013277828693,0.0,0.0835013277828693,0.0,0.0,0.0124519169330597,-0.0124519169330597,00-0030526,0.0835013277828693,outdoors,fieldturf,42,11,0,1,0,0,0,0,0,0,5,0,0.0835013277828693,0.0,0.0835013277828693,-0.0124519169330597,0.433207958936691,0.651268175337464,1,3.5,0.417040358744395,0.541420118343195,0.698564593301435,0.0,0.467741935483871,0.475,0.516898608349901,0.37037037037037,0.39917695473251,0.0933584768936688,0.0297197016125158,0.0025972521912921,0.0004602758667204,16,16,EJ Manuel,29,-0.0752957050842042,-0.002229858965527,0,0,0,0,1,0
2016,2016_17_CAR_TB,REG,TB,CAR,3.5,44.5,2017-01-01,17,51,(15:00) 32-J.Rodgers left guard to TB 41 for 16 yards (24-J.Bradberry).,run_left,0,1,1,10,3:58,TB,home,CAR,75,900,1800,3600,1,Half1,0,1,0,10,0,0,0,3,3,0,0.983451773412526,0.0,-0.983451773412526,0.0,0.0263115763664246,-0.0263115763664246,0.0,0.0,00-0031503,0.983451773412526,outdoors,grass,81,6,1,0,0,0,0,0,0,0,0,0,0.0,0.0,0.983451773412526,0.0263115763664246,0.546261787414551,1.45739114051685,1,3.5,0.454935622317597,0.603305785123967,0.822429906542056,0.0,0.5119825708061,0.4375,0.583809523809524,0.324942791762014,0.327231121281465,-0.139205116172816,0.0947235696594724,-0.00356738340881,0.0024982251608254,16,16,Jameis Winston,602,0.0601056252483427,0.0013824075723157,0,0,0,0,0,1
2016,2016_17_CLE_PIT,REG,PIT,CLE,3.5,41.5,2017-01-01,17,51,(15:00) 10-R.Griffin pass incomplete deep right to 11-T.Pryor Sr.. Coverage by 31-Cockrell.,pass,0,1,1,3,1:01,CLE,away,PIT,75,900,1800,3600,1,Half1,0,1,0,10,0,0,0,3,3,0,0.0,0.600612352602184,0.0,-0.600612352602184,0.0,0.0,0.0179121494293213,-0.0179121494293213,00-0029665,-0.600612352602184,outdoors,grass,41,1,0,1,0,0,0,0,0,0,45,0,3.11296748532914,-3.71357983793132,-0.600612352602184,-0.0179121494293213,0.433207958936691,0.651268175337464,1,-3.5,0.56651376146789,0.637223974763407,0.811320754716981,0.0,0.53875,0.508333333333333,0.645259938837921,0.347701149425287,0.451149425287356,-0.101905609581165,-0.0629233084103691,-0.0037221561860046,-0.0013120602316158,16,16,Robert Griffin,169,-0.0783533401292514,-0.0008955840870967,0,0,1,1,0,0
2016,2016_17_NE_MIA,REG,MIA,NE,-7.5,47.0,2017-01-01,17,51,(15:00) 12-T.Brady pass short left to 33-D.Lewis to NE 29 for 4 yards (42-S.Paysinger; 50-A.Branch).,pass,0,1,1,13,7:32,NE,away,MIA,75,900,1800,3600,1,Half1,0,1,0,10,0,0,0,3,3,0,0.0,-0.0081670433282852,0.0,0.0081670433282852,0.0,0.0,0.0107263028621674,-0.0107263028621674,00-0019596,0.0081670433282852,outdoors,grass,80,15,0,1,0,0,0,0,0,0,-6,10,-1.51691306941211,1.5250801127404,0.0081670433282852,-0.0107263028621674,0.433207958936691,0.651268175337464,1,7.5,0.458874458874459,0.53935860058309,0.771300448430493,0.0210526315789474,0.535714285714286,0.483333333333333,0.553519768563163,0.369330453563715,0.317494600431965,-0.0378358109303258,0.261765554344319,0.0003462516972873,0.0064588184032439,16,16,Tom Brady,447,0.224783495204885,0.0044704440704998,0,0,0,0,1,0
2016,2016_17_NO_ATL,REG,ATL,NO,7.5,58.5,2017-01-01,17,51,(15:00) (Shotgun) 9-D.Brees pass incomplete short left to 22-M.Ingram.,pass,0,1,1,3,0:54,NO,away,ATL,75,900,1800,3600,1,Half1,0,1,0,10,0,0,1,3,3,0,0.0,0.731959413737059,0.0,-0.731959413737059,0.0,0.0,0.0179121494293213,-0.0179121494293213,00-0020531,-0.731959413737059,dome,fieldturf,46,0,0,1,0,0,0,0,0,0,-8,0,-1.73287650430575,1.00091709056869,-0.731959413737059,-0.0179121494293213,0.433207958936691,0.83965100068599,1,-7.5,0.560636182902585,0.661111111111111,0.790909090909091,0.0232558139534884,0.587266739846323,0.5,0.641354071363221,0.408163265306122,0.413265306122449,0.0028794173612736,0.152350528137049,-9.78245355784277e-05,0.0044417945635229,16,16,Drew Brees,700,0.127949337573826,0.0038704153965548,0,0,0,0,1,0
2016,2016_17_SEA_SF,REG,SF,SEA,-11.5,44.5,2017-01-01,17,51,(15:00) (Shotgun) 7-C.Kaepernick sacked at SF 25 for 0 yards (50-K.Wright).,pass,0,1,1,2,0:41,SF,home,SEA,75,900,1800,3600,1,Half1,0,1,0,10,0,0,1,3,3,0,0.0,-0.529865092597902,0.0,0.529865092597902,0.0,0.0,-0.0182319283485413,0.0182319283485413,00-0027974,-0.529865092597902,outdoors,grass,54,5,0,1,0,0,0,0,0,1,0,0,0.0,0.0,-0.529865092597902,-0.0182319283485413,0.546261787414551,1.45739114051685,1,-11.5,0.497663551401869,0.46875,0.739910313901345,0.0,0.422425032594524,0.441666666666667,0.543983822042467,0.354767184035477,0.301552106430155,-0.0494960260357103,-0.114829001010362,-0.0037817615088856,-0.0028879444491228,16,16,Colin Kaepernick,367,-0.0477083315331309,-0.0018079665102318,0,0,0,0,0,1
2017,2017_01_CAR_SF,REG,SF,CAR,-4.5,45.5,2017-09-10,1,51,(15:00) 28-J.Stewart left end to CAR 26 for 1 yard (91-A.Armstead).,run_left,0,1,1,6,2:58,CAR,away,SF,75,900,1800,3600,1,Half1,0,1,0,10,0,0,0,3,3,0,0.497620904352516,0.0,-0.497620904352516,0.0,0.0179121494293213,-0.0179121494293213,0.0,0.0,00-0027939,-0.497620904352516,outdoors,grass,87,8,1,0,0,0,0,0,0,0,0,0,0.0,0.0,-0.497620904352516,-0.0179121494293213,0.433207958936691,0.651268175337464,1,4.5,0.357142857142857,0.380952380952381,0.583333333333333,0.0,0.513513513513513,0.466666666666667,0.416666666666667,0.457142857142857,0.228571428571429,-0.140080464621511,0.122950282809398,0.0003216182014771,-0.0011348087090701,1,1,Cam Newton,25,-0.0051990718768731,-0.000219312430095,0,0,0,0,0,0
2017,2017_01_IND_LA,REG,LA,IND,3.5,41.5,2017-09-10,1,51,(15:00) 30-T.Gurley up the middle to LA 27 for 2 yards (96-H.Anderson).,run_middle,0,1,1,7,2:17,LA,home,IND,75,900,1800,3600,1,Half1,0,1,0,10,0,0,0,3,3,0,-0.423760847654194,0.0,0.423760847654194,0.0,-0.0182319283485413,0.0182319283485413,0.0,0.0,00-0033106,-0.423760847654194,outdoors,grass,90,2,1,0,0,0,0,0,0,0,0,0,0.0,0.0,-0.423760847654194,-0.0182319283485413,0.546261787414551,1.45739114051685,1,3.5,0.407407407407407,0.45,0.785714285714286,0.0,0.458333333333333,0.466666666666667,0.508196721311475,0.266666666666667,0.433333333333333,-0.204193783897482,0.339648425354669,-0.0014335315182203,0.0027497696786899,1,1,Jared Goff,30,-0.112261865672495,-0.0031361374360557,0,0,0,0,0,1
2017,2017_03_ATL_DET,REG,DET,ATL,-3.0,51.0,2017-09-24,3,51,(15:00) 2-M.Ryan pass incomplete deep left to 11-Ju.Jones.,pass,0,1,1,12,6:43,ATL,away,DET,75,900,1800,3600,1,Half1,0,1,0,10,0,0,0,3,3,0,0.0,0.657781214918941,0.0,-0.657781214918941,0.0,0.0,0.0179121494293213,-0.0179121494293213,00-0026143,-0.657781214918941,dome,fieldturf,74,0,0,1,0,0,0,0,0,0,39,0,2.73632261250168,-3.39410382742062,-0.657781214918941,-0.0179121494293213,0.433207958936691,0.83965100068599,1,3.0,0.5,0.583333333333333,0.741935483870968,0.0,0.545454545454545,0.577777777777778,0.571428571428571,0.44,0.453333333333333,0.0913399811914956,0.165485070206772,0.0020706361377477,0.0056987818470041,3,3,Matt Ryan,100,0.15167935305306,0.0042353580236298,0,0,1,0,1,0
2017,2017_03_LA_SF,REG,SF,LA,-3.0,40.5,2017-09-21,3,51,(15:00) 2-B.Hoyer pass short right intended for 11-M.Goodwin INTERCEPTED by 23-N.Robey at SF 28. 23-N.Robey to SF 3 for 25 yards (88-G.Celek).,pass,0,1,1,1,0:08,SF,home,LA,75,900,1800,3600,1,Half1,0,1,0,10,0,0,0,3,3,0,0.0,-7.35755784419598,0.0,7.35755784419598,0.0,0.0,-0.170028924942017,0.170028924942017,00-0026625,-7.35755784419598,outdoors,grass,68,13,0,1,0,0,0,0,0,0,3,0,-0.371049707289785,-6.9865081369062,-7.35755784419598,-0.170028924942017,0.546261787414551,1.45739114051685,1,-3.0,0.56,0.60377358490566,0.780487804878049,0.0,0.518518518518518,0.511111111111111,0.619318181818182,0.373134328358209,0.328358208955224,-0.0227702485619284,-0.264350227941763,0.0012470963318878,-0.0121099770696652,3,3,Brian Hoyer,109,-0.114939444344621,-0.0051217461108976,0,0,0,1,0,1
2017,2017_03_MIA_NYJ,REG,NYJ,MIA,-5.5,43.0,2017-09-24,3,51,(15:00) (Shotgun) 22-M.Forte right guard to NYJ 28 for 3 yards (45-M.Hull).,run_right,0,1,1,3,2:12,NYJ,home,MIA,75,900,1800,3600,1,Half1,0,1,0,10,0,0,1,3,3,0,-0.321939665358514,0.0,0.321939665358514,0.0,-0.0066408514976501,0.0066408514976501,0.0,0.0,00-0021206,-0.321939665358514,outdoors,fieldturf,88,5,1,0,0,0,0,0,0,0,0,0,0.0,0.0,-0.321939665358514,-0.0066408514976501,0.546261787414551,1.45739114051685,1,-5.5,0.426470588235294,0.607142857142857,0.769230769230769,0.0,0.522388059701492,0.533333333333333,0.567073170731707,0.267605633802817,0.253521126760563,-0.0926262983106727,-0.0256151112679142,-0.0011042006448856,-0.0001099936353697,3,2,Josh McCown,93,-0.0752079187318969,-0.0017099682257733,0,0,0,0,0,1
2017,2017_04_CHI_GB,REG,GB,CHI,7.5,44.0,2017-09-28,4,51,(15:00) (Shotgun) 88-T.Montgomery left tackle to GB 30 for 5 yards (52-C.Jones).,run_left,0,1,1,10,5:11,GB,home,CHI,75,900,1800,3600,1,Half1,0,1,0,10,0,0,1,3,3,0,0.0578659703023732,0.0,-0.0578659703023732,0.0,-0.0067306160926818,0.0067306160926818,0.0,0.0,00-0023459,0.0578659703023732,outdoors,grass,65,5,1,0,0,0,0,0,0,0,0,0,0.0,0.0,0.0578659703023732,-0.0067306160926818,0.546261787414551,1.45739114051685,1,7.5,0.619469026548673,0.686746987951807,0.803571428571429,0.0416666666666667,0.620320855614973,0.566666666666667,0.690196078431373,0.481012658227848,0.367088607594937,-0.0080510619133448,0.0734456858232981,0.0014415317240156,0.002060411945951,4,4,Aaron Rodgers,175,0.0796182344202238,0.002125290008045,0,0,0,0,0,1
2017,2017_05_BAL_OAK,REG,LV,BAL,3.0,40.5,2017-10-08,5,51,(15:00) 5-J.Flacco pass deep left to 17-M.Wallace pushed ob at OAK 23 for 52 yards (27-R.Nelson).,pass,0,1,1,5,2:15,BAL,away,LV,75,900,1800,3600,1,Half1,0,1,0,10,0,0,0,3,3,0,0.0,-3.632091965992,0.0,3.632091965992,0.0,0.0,-0.127520531415939,0.127520531415939,00-0026158,3.632091965992,outdoors,grass,72,8,0,1,0,0,0,0,0,0,40,12,2.85896398313344,0.773127982858568,3.632091965992,0.127520531415939,0.433207958936691,0.651268175337464,1,-3.0,0.4,0.545454545454545,0.703125,0.0,0.543589743589744,0.466666666666667,0.520900321543408,0.496644295302013,0.36241610738255,-0.150648666580629,-0.0930756443142766,-0.0016465947478865,-0.0007221207191635,5,5,Joe Flacco,153,-0.0758396437185114,-0.0013696002144735,0,0,1,0,1,0
2017,2017_05_CAR_DET,REG,DET,CAR,2.0,42.0,2017-10-08,5,51,(15:00) 21-A.Abdullah right tackle to DET 41 for 16 yards (42-C.Jones).,run_right,0,1,1,8,3:28,DET,home,CAR,75,900,1800,3600,1,Half1,0,1,0,10,0,0,0,3,3,0,0.825220163213089,0.0,-0.825220163213089,0.0,0.0263115763664246,-0.0263115763664246,0.0,0.0,00-0026498,0.825220163213089,dome,fieldturf,69,0,1,0,0,0,0,0,0,0,0,0,0.0,0.0,0.825220163213089,0.0263115763664246,0.546261787414551,1.80874524405226,1,2.0,0.42962962962963,0.695238095238095,0.869565217391304,0.0,0.5625,0.546666666666667,0.614147909967846,0.35,0.441666666666667,-0.17630029154631,-0.0862997676261521,-0.0025332301840812,-0.0025033408928229,5,5,Matthew Stafford,191,-0.0319478257725046,-0.0002990356399564,0,0,0,0,0,1
2017,2017_05_GB_DAL,REG,DAL,GB,2.5,52.0,2017-10-08,5,51,(15:00) 4-D.Prescott pass short right to 21-E.Elliott to DAL 21 for -4 yards (20-K.King).,pass,0,1,1,12,6:36,DAL,home,GB,75,900,1800,3600,1,Half1,0,1,0,10,0,0,0,3,3,0,0.0,-1.37914987793192,0.0,1.37914987793192,0.0,0.0,-0.0256625413894653,0.0256625413894653,00-0033077,-1.37914987793192,closed,matrixturf,69,0,0,1,0,0,0,0,0,0,-5,1,-1.46752283070236,0.0883729527704418,-1.37914987793192,-0.0256625413894653,0.546261787414551,1.51534052472562,1,2.5,0.485507246376812,0.594339622641509,0.784615384615385,0.0,0.517241379310345,0.493333333333333,0.584905660377358,0.303030303030303,0.340909090909091,0.0593255191630307,0.0049508279672286,0.0045782897546398,0.0002857438671688,5,5,Dak Prescott,186,0.0339579548407632,0.0008987768222321,0,0,0,1,0,1
2017,2017_05_LAC_NYG,REG,NYG,LAC,3.0,45.5,2017-10-08,5,51,"(15:00) 28-M.Gordon left guard to LAC 28 for 3 yards (41-D.Rodgers-Cromartie, 93-B.Goodson).",run_left,0,1,1,3,1:27,LAC,away,NYG,75,900,1800,3600,1,Half1,0,1,0,10,0,0,0,3,3,0,0.34428012277931,0.0,-0.34428012277931,0.0,0.0112433135509491,-0.0112433135509491,0.0,0.0,00-0022942,-0.34428012277931,outdoors,fieldturf,76,7,1,0,0,0,0,0,0,0,0,0,0.0,0.0,-0.34428012277931,-0.0112433135509491,0.433207958936691,0.651268175337464,1,-3.0,0.521739130434783,0.722772277227723,0.887096774193548,0.0,0.58252427184466,0.44,0.662251655629139,0.352941176470588,0.205882352941176,-0.0927108922590699,0.0962726434911582,-0.005817624553301,0.0017354394097226,5,5,Philip Rivers,200,0.0666618174364672,0.0009662916309323,0,0,0,0,0,0
2017,2017_05_MIN_CHI,REG,CHI,MIN,-3.5,41.0,2017-10-09,5,51,(15:00) 24-Jo.Howard left tackle to CHI 26 for 1 yard (92-T.Johnson).,run_left,0,1,1,8,4:47,CHI,home,MIN,75,900,1800,3600,1,Half1,0,1,0,10,0,0,0,3,3,0,-0.50444698240608,0.0,0.50444698240608,0.0,-0.0182319283485413,0.0182319283485413,0.0,0.0,00-0033869,-0.50444698240608,outdoors,grass,70,10,1,0,0,0,0,0,0,0,0,0,0.0,0.0,-0.50444698240608,-0.0182319283485413,0.546261787414551,1.45739114051685,1,-3.5,0.448529411764706,0.53921568627451,0.841269841269841,0.0,0.48,0.413333333333333,0.570032573289902,0.507575757575758,0.401515151515151,-0.0225609192739838,-0.195077325137852,0.0016648510235703,-0.0074725052856878,5,5,Mitchell Trubisky,26,-0.169494001740398,-0.0055066687123924,0,0,0,0,0,1
2017,2017_05_SEA_LA,REG,LA,SEA,2.0,46.5,2017-10-08,5,51,"(15:00) 27-E.Lacy up the middle to SEA 28 for 3 yards (58-C.Littleton, 99-A.Donald).",run_middle,0,1,1,6,2:56,SEA,away,LA,75,900,1800,3600,1,Half1,0,1,0,10,0,0,0,3,3,0,0.343508026562631,0.0,-0.343508026562631,0.0,0.0112433135509491,-0.0112433135509491,0.0,0.0,00-0029263,-0.343508026562631,outdoors,grass,78,0,1,0,0,0,0,0,0,0,0,0,0.0,0.0,-0.343508026562631,-0.0112433135509491,0.433207958936691,0.651268175337464,1,-2.0,0.532374100719424,0.528846153846154,0.779220779220779,0.0,0.516339869281046,0.493333333333333,0.596273291925466,0.307692307692308,0.407692307692308,-0.0655776398866736,0.0007435713070707,0.0020817857835638,-0.0032977858182606,5,5,Russell Wilson,191,0.0320931905585882,-0.0005747632485509,0,0,0,0,0,0
2017,2017_07_NO_GB,REG,GB,NO,-3.5,45.5,2017-10-22,7,51,(15:00) 33-A.Jones left tackle to GB 40 for 15 yards (23-M.Lattimore).,run_left,0,1,1,5,2:00,GB,home,NO,75,900,1800,3600,1,Half1,0,1,0,10,0,0,0,3,3,0,0.921877885935828,0.0,-0.921877885935828,0.0,0.0263115763664246,-0.0263115763664246,0.0,0.0,00-0031589,0.921877885935828,outdoors,grass,52,10,1,0,0,0,0,0,0,0,0,0,0.0,0.0,0.921877885935828,0.0263115763664246,0.546261787414551,1.45739114051685,1,-3.5,0.585106382978723,0.601398601398601,0.802197802197802,0.0294117647058824,0.549132947976879,0.495238095238095,0.644859813084112,0.486842105263158,0.335526315789474,0.0535035118175666,0.0112579187705493,0.0023662447144054,0.0022938236092442,7,6,Brett Hundley,64,-0.170430814992097,-0.0024351360492589,0,0,0,0,0,1
2017,2017_07_TEN_CLE,REG,CLE,TEN,-5.5,42.5,2017-10-22,7,51,(15:00) (Shotgun) 8-M.Mariota pass short middle to 18-R.Matthews to TEN 48 for 18 yards (24-I.Campbell).,pass,0,1,1,11,6:22,TEN,away,CLE,70,900,1800,3600,1,Half1,0,1,0,10,0,0,1,3,3,0,0.0,-1.40123091149144,0.0,1.40123091149144,0.0,0.0,-0.0465716421604156,0.0465716421604156,00-0032268,1.40123091149144,outdoors,grass,74,12,0,1,0,0,0,0,0,0,14,4,1.00610844092444,0.395122470567003,1.40123091149144,0.0465716421604156,0.433546245098114,0.893443141132593,1,5.5,0.473958333333333,0.45,0.846153846153846,0.0357142857142857,0.49616368286445,0.428571428571429,0.546099290780142,0.4375,0.328125,-0.0387803410354397,-0.12077911232526,-0.0028677086729743,-0.0004736268824012,7,7,Marcus Mariota,181,0.0337088535836723,0.0007346327878277,0,0,0,0,0,0
2017,2017_07_WAS_PHI,REG,PHI,WAS,5.0,48.5,2017-10-23,7,51,(15:00) 20-R.Kelley up the middle to WAS 31 for 6 yards (52-N.Goode).,run_middle,0,1,1,8,3:42,WAS,away,PHI,75,900,1800,3600,1,Half1,0,1,0,10,0,0,0,3,3,0,-0.239623825065792,0.0,0.239623825065792,0.0,0.0075583159923553,-0.0075583159923553,0.0,0.0,00-0029604,0.239623825065792,outdoors,grass,70,9,1,0,0,0,0,0,0,0,0,0,0.0,0.0,0.239623825065792,-0.0075583159923553,0.433207958936691,0.651268175337464,1,-5.0,0.365853658536585,0.641221374045801,0.842105263157895,0.0,0.503048780487805,0.488888888888889,0.561497326203209,0.329268292682927,0.353658536585366,-0.11703229913869,0.118730267459951,-0.0002296546308742,0.0043665194896043,6,7,Kirk Cousins,210,0.10839819646501,0.0039957164979307,0,0,0,0,0,0
2017,2017_08_DEN_KC,REG,KC,DEN,7.0,42.0,2017-10-30,8,51,(15:00) 22-C.Anderson up the middle to DEN 29 for 4 yards (50-J.Houston).,run_middle,0,1,1,3,0:59,DEN,away,KC,75,900,1800,3600,1,Half1,0,1,0,10,0,0,0,3,3,0,-0.0129127441905439,0.0,0.0129127441905439,0.0,0.0107263028621674,-0.0107263028621674,0.0,0.0,00-0032156,0.0129127441905439,outdoors,grass,44,12,1,0,0,0,0,0,0,0,0,0,0.0,0.0,0.0129127441905439,-0.0107263028621674,0.433207958936691,0.651268175337464,1,-7.0,0.536585365853659,0.542483660130719,0.764705882352941,0.0,0.505813953488372,0.504761904761905,0.591006423982869,0.214659685863874,0.356020942408377,-0.0961414919910901,-0.148852951724789,-0.0003034957746057,-0.0032384425919486,7,8,Trevor Siemian,272,-0.116580863091262,-0.0022063852423757,0,0,0,0,0,0
2017,2017_09_DEN_PHI,REG,PHI,DEN,7.0,41.0,2017-11-05,9,51,(15:00) 17-B.Osweiler pass short right to 88-D.Thomas to DEN 39 for 14 yards (31-J.Mills) [91-F.Cox].,pass,0,1,1,9,4:25,DEN,away,PHI,75,900,1800,3600,1,Half1,0,1,0,10,0,0,0,3,3,0,0.0,-0.843713721260428,0.0,0.843713721260428,0.0,0.0,-0.007462590932846,0.007462590932846,00-0029682,0.843713721260428,outdoors,grass,61,5,0,1,0,0,0,0,0,1,10,4,0.551837385632098,0.291876335628331,0.843713721260428,0.007462590932846,0.433207958936691,0.651268175337464,1,-7.0,0.530434782608696,0.563218390804598,0.791304347826087,0.0,0.505376344086022,0.491666666666667,0.601518026565465,0.238095238095238,0.347619047619048,-0.118152227829324,-0.153748427578814,-0.0008274653222176,-0.0031373868745228,8,9,Brock Osweiler,45,-0.112517965538213,-0.0012276500174712,0,0,0,1,0,0
2017,2017_09_LA_NYG,REG,NYG,LA,-5.5,42.5,2017-11-05,9,51,(15:00) 26-O.Darkwa right guard to NYG 30 for 5 yards (99-A.Donald).,run_right,0,1,1,5,2:15,NYG,home,LA,75,900,1800,3600,1,Half1,0,1,0,10,0,0,0,3,3,0,0.057912222109735,0.0,-0.057912222109735,0.0,-0.0067306160926818,0.0067306160926818,0.0,0.0,00-0022803,0.057912222109735,outdoors,fieldturf,56,6,1,0,0,0,0,0,0,0,0,0,0.0,0.0,0.057912222109735,-0.0067306160926818,0.546261787414551,1.45739114051685,1,-5.5,0.478672985781991,0.723926380368098,0.834862385321101,0.0,0.565947242206235,0.525,0.646938775510204,0.294797687861272,0.329479768786127,-0.155593992219106,-0.0731338783241251,-0.003918259810874,-0.0015061795829393,8,8,Eli Manning,315,-0.0535918420694779,-0.0008169215377841,0,0,0,0,0,1
2017,2017_12_CHI_PHI,REG,PHI,CHI,14.0,43.5,2017-11-26,12,51,(15:00) (Shotgun) 11-C.Wentz pass short right to 17-A.Jeffery to PHI 30 for 5 yards (23-K.Fuller).,pass,0,1,1,6,3:53,PHI,home,CHI,75,900,1800,3600,1,Half1,0,1,0,10,0,0,1,3,3,0,0.0,0.0578659703023732,0.0,-0.0578659703023732,0.0,0.0,-0.0067306160926818,0.0067306160926818,00-0032950,0.0578659703023732,outdoors,grass,49,17,0,1,0,0,0,0,0,0,5,0,0.0578659703023732,0.0,0.0578659703023732,-0.0067306160926818,0.546261787414551,1.45739114051685,1,14.0,0.473354231974922,0.510917030567686,0.707792207792208,0.0555555555555556,0.514492753623188,0.521212121212121,0.536414565826331,0.317220543806647,0.302114803625378,-0.0005607420234032,0.180319317433082,0.002697385355463,0.0033949153076414,11,11,Carson Wentz,378,0.123527683223802,0.0020164861949584,0,0,0,1,0,1
2017,2017_12_DEN_OAK,REG,LV,DEN,3.5,41.0,2017-11-26,12,51,(15:00) (Shotgun) 24-M.Lynch up the middle to OAK 31 for 6 yards (31-J.Simmons; 95-D.Wolfe).,run_middle,0,1,1,3,0:59,LV,home,DEN,75,900,1800,3600,1,Half1,0,1,0,10,0,0,1,3,3,0,0.221380428411067,0.0,-0.221380428411067,0.0,0.0012426376342773,-0.0012426376342773,0.0,0.0,00-0031280,0.221380428411067,outdoors,grass,61,13,1,0,0,0,0,0,0,0,0,0,0.0,0.0,0.221380428411067,0.0012426376342773,0.546261787414551,1.45739114051685,1,3.5,0.552816901408451,0.582159624413146,0.830882352941177,0.0384615384615385,0.546489563567362,0.496969696969697,0.623839009287926,0.378600823045267,0.312757201646091,-0.0315865544548855,0.0126453032818153,-0.0001292930797412,0.001136786269029,11,11,Derek Carr,356,0.0399756700216104,0.0025400630848673,0,0,0,0,0,1
2017,2017_12_JAX_ARI,REG,ARI,JAX,-6.5,37.5,2017-11-26,12,51,(15:00) 27-L.Fournette up the middle to JAX 24 for -1 yards (55-C.Jones).,run_middle,0,1,1,3,1:47,JAX,away,ARI,75,900,1800,3600,1,Half1,0,1,0,10,0,0,0,3,3,0,0.9547058949247,0.0,-0.9547058949247,0.0,0.0258172452449799,-0.0258172452449799,0.0,0.0,00-0031407,-0.9547058949247,closed,grass,50,0,1,0,0,0,0,0,0,0,0,0,0.0,0.0,-0.9547058949247,-0.0258172452449799,0.433207958936691,0.759092140942812,1,6.5,0.38801261829653,0.497975708502024,0.753086419753086,0.0,0.464678178963893,0.448484848484848,0.505464480874317,0.292817679558011,0.306629834254144,-0.0100050915835756,-0.022766028653862,-0.0011486476191762,-0.0050849171456014,11,11,Blake Bortles,367,-0.035036133375282,-0.0045461683543689,0,0,0,0,0,0
2017,2017_12_MIA_NE,REG,NE,MIA,17.0,49.0,2017-11-26,12,51,(15:00) (Shotgun) 12-T.Brady pass incomplete short left to 87-R.Gronkowski.,pass,0,1,1,8,3:21,NE,home,MIA,75,900,1800,3600,1,Half1,0,1,0,10,0,0,1,3,3,0,0.0,-0.617597518023103,0.0,0.617597518023103,0.0,0.0,-0.0182319283485413,0.0182319283485413,00-0019596,-0.617597518023103,outdoors,fieldturf,47,17,0,1,0,0,0,0,0,0,9,0,0.861967239994556,-1.47956475801766,-0.617597518023103,-0.0182319283485413,0.546261787414551,1.45739114051685,1,17.0,0.478005865102639,0.654320987654321,0.767605633802817,0.0,0.574137931034483,0.6,0.592643051771117,0.40133779264214,0.304347826086957,-0.0778458566663072,0.291170861215273,-0.0010267703061391,0.0077629278487701,11,11,Tom Brady,432,0.255159336748301,0.0065632998671628,0,0,0,0,1,1
2017,2017_13_CAR_NO,REG,NO,CAR,5.5,48.0,2017-12-03,13,51,(15:00) 41-A.Kamara right tackle to NO 38 for 8 yards (97-M.Addison).,run_right,0,1,1,11,4:45,NO,home,CAR,70,900,1800,3600,1,Half1,0,1,0,10,0,0,0,3,3,0,0.424229247029871,0.0,-0.424229247029871,0.0,0.0322895050048828,-0.0322895050048828,0.0,0.0,00-0020531,0.424229247029871,dome,sportturf,53,0,1,0,0,0,0,0,0,0,0,0,0.0,0.0,0.424229247029871,0.0322895050048828,0.552488088607788,2.10536658763885,1,5.5,0.450581395348837,0.577689243027888,0.808219178082192,0.0,0.543119266055046,0.538888888888889,0.562666666666667,0.460365853658537,0.399390243902439,0.0633418951912388,0.191713867905267,0.002208986601405,0.0038234818147902,12,12,Drew Brees,422,0.163916772619586,0.0036557500421282,0,0,0,0,0,1
2017,2017_13_HOU_TEN,REG,TEN,HOU,7.0,42.5,2017-12-03,13,51,(15:00) (Shotgun) 3-T.Savage pass short right to 38-A.Ellington to HOU 30 for 5 yards (37-J.Cyprien).,pass,0,1,1,3,2:00,HOU,away,TEN,75,900,1800,3600,1,Half1,0,1,0,10,0,0,1,3,3,0,0.0,-0.0872089224867523,0.0,0.0872089224867523,0.0,0.0,0.0124519169330597,-0.0124519169330597,00-0031064,0.0872089224867523,outdoors,grass,60,4,0,1,0,0,0,0,0,0,5,0,0.0872089224867523,0.0,0.0872089224867523,-0.0124519169330597,0.433207958936691,0.651268175337464,1,-7.0,0.425770308123249,0.622302158273381,0.777070063694268,0.0,0.508982035928144,0.477777777777778,0.566958698372966,0.38150289017341,0.338150289017341,-0.0737627240318557,-0.036244563852753,-0.0011071372118879,-0.0002579673569405,12,12,Tom Savage,230,-0.15011636440174,-0.0034596240403641,0,0,0,1,0,0
2017,2017_13_KC_NYJ,REG,NYJ,KC,-3.5,44.0,2017-12-03,13,51,(15:00) 11-A.Smith pass short right to 14-D.Robinson pushed ob at KC 35 for 10 yards (21-M.Claiborne).,pass,0,1,1,5,2:38,KC,away,NYJ,75,900,1800,3600,1,Half1,0,1,0,10,0,0,0,3,3,0,0.0,-0.583738294430077,0.0,0.583738294430077,0.0,0.0,-0.015445202589035,0.015445202589035,00-0023436,0.583738294430077,outdoors,fieldturf,48,0,0,1,0,0,0,0,0,0,5,5,0.0275242514908314,0.556214042939246,0.583738294430077,0.015445202589035,0.433207958936691,0.651268175337464,1,3.5,0.5,0.658008658008658,0.77027027027027,0.0,0.567055393586006,0.527777777777778,0.612446958981612,0.251824817518248,0.37956204379562,-0.0004839031157407,0.141837530954773,-9.27313256756219e-06,0.0038213977724539,12,12,Alex Smith,431,0.12306037139801,0.003351328643771,0,0,0,1,0,0
2017,2017_13_NYG_OAK,REG,LV,NYG,10.0,43.0,2017-12-03,13,51,(15:00) 26-O.Darkwa up the middle to NYG 28 for 3 yards (52-K.Mack; 50-N.Morrow).,run_middle,0,1,1,3,1:03,NYG,away,LV,75,900,1800,3600,1,Half1,0,1,0,10,0,0,0,3,3,0,0.346333952620625,0.0,-0.346333952620625,0.0,0.0112433135509491,-0.0112433135509491,0.0,0.0,00-0030565,-0.346333952620625,outdoors,grass,58,11,1,0,0,0,0,0,0,0,0,0,0.0,0.0,-0.346333952620625,-0.0112433135509491,0.433207958936691,0.651268175337464,1,-10.0,0.469453376205788,0.678861788617886,0.823170731707317,0.0,0.532924961715161,0.5,0.627210884353742,0.291970802919708,0.343065693430657,-0.124168960266324,-0.0974129497201556,-0.0036407442801119,-0.0025806065142423,12,12,Geno Smith,39,-0.143019790036684,-0.0034365039060159,0,0,0,0,0,0
2017,2017_13_TB_GB,REG,GB,TB,3.0,45.0,2017-12-03,13,51,"(15:00) 25-P.Barber left tackle to TB 30 for 5 yards (97-K.Clark, 50-B.Martinez).",run_left,0,1,1,10,5:08,TB,away,GB,75,900,1800,3600,1,Half1,0,1,0,10,0,0,0,3,3,0,-0.0871864054352045,0.0,0.0871864054352045,0.0,0.0124519169330597,-0.0124519169330597,0.0,0.0,00-0031503,0.0871864054352045,outdoors,grass,42,8,1,0,0,0,0,0,0,0,0,0,0.0,0.0,0.0871864054352045,-0.0124519169330597,0.433207958936691,0.651268175337464,1,-3.0,0.5,0.65625,0.854304635761589,0.0,0.539074960127592,0.511111111111111,0.627118644067797,0.356643356643357,0.34965034965035,-0.0875974068119629,0.0197769449949164,-0.0019942664704798,0.0005571149629152,12,12,Jameis Winston,311,0.0188646792999394,0.0006482599786592,0,0,0,0,0,0
2017,2017_15_BAL_CLE,REG,CLE,BAL,-6.5,42.0,2017-12-17,15,51,(15:00) 34-A.Collins right guard to BAL 29 for 4 yards (53-J.Schobert).,run_right,0,1,1,13,6:14,BAL,away,CLE,75,900,1800,3600,1,Half1,0,1,0,10,0,0,0,3,3,0,-0.0091571509838104,0.0,0.0091571509838104,0.0,0.0107263028621674,-0.0107263028621674,0.0,0.0,00-0026158,0.0091571509838104,outdoors,grass,36,0,1,0,0,0,0,0,0,0,0,0,0.0,0.0,0.0091571509838104,-0.0107263028621674,0.433207958936691,0.651268175337464,1,6.5,0.470737913486005,0.554817275747508,0.774869109947644,0.037037037037037,0.537777777777778,0.509523809523809,0.565848214285714,0.383033419023136,0.44987146529563,-0.0537375769582819,-0.0780704979209642,-0.0007364307016605,-0.0035631403548472,14,14,Joe Flacco,489,-0.0864734564330946,-0.0036319057569612,0,0,0,0,0,0
2017,2017_15_CIN_MIN,REG,MIN,CIN,12.5,42.5,2017-12-17,15,51,(15:00) (Shotgun) 7-C.Keenum sacked at MIN 16 for -9 yards (97-G.Atkins).,pass,0,1,1,9,4:29,MIN,home,CIN,75,900,1800,3600,1,Half1,0,1,0,10,0,0,1,3,3,0,0.0,-1.7920922874473,0.0,1.7920922874473,0.0,0.0,-0.0304885506629944,0.0304885506629944,00-0028986,-1.7920922874473,dome,sportturf,45,0,0,1,0,0,0,0,0,1,0,0,0.0,0.0,-1.7920922874473,-0.0304885506629944,0.546261787414551,1.80874524405226,1,12.5,0.4075,0.529968454258675,0.849462365591398,0.0185185185185185,0.520997375328084,0.485714285714286,0.544554455445545,0.359903381642512,0.342995169082126,-0.100403170915884,0.122761264014278,-0.0006598591665261,0.0037897542013125,14,14,Case Keenum,444,0.067842772855393,0.002223680490023,0,0,0,0,0,1
2017,2017_15_DAL_OAK,REG,LV,DAL,-3.0,46.0,2017-12-17,15,51,(15:00) 46-A.Morris right tackle to DAL 30 for 5 yards (55-M.Lee; 90-T.Hester).,run_right,0,1,1,8,4:20,DAL,away,LV,75,900,1800,3600,1,Half1,0,1,0,10,0,0,0,3,3,0,-0.0864731930196285,0.0,0.0864731930196285,0.0,0.0124519169330597,-0.0124519169330597,0.0,0.0,00-0033077,0.0864731930196285,outdoors,grass,57,4,1,0,0,0,0,0,0,0,0,0,0.0,0.0,0.0864731930196285,-0.0124519169330597,0.433207958936691,0.651268175337464,1,3.0,0.405263157894737,0.534013605442177,0.768361581920904,0.0,0.479224376731302,0.447619047619048,0.525951557093426,0.321167883211679,0.372262773722628,0.105355081323222,-0.0456652492099158,0.0031050491460109,0.0001487006284516,14,14,Dak Prescott,453,-0.0096601839738197,0.0005275744545686,0,0,0,0,0,0
2017,2017_15_GB_CAR,REG,CAR,GB,3.0,46.5,2017-12-17,15,51,(15:00) 12-A.Rodgers pass short left to 17-D.Adams to GB 37 for 12 yards (26-D.Worley).,pass,0,1,1,4,1:28,GB,away,CAR,75,900,1800,3600,1,Half1,0,1,0,10,0,0,0,3,3,0,0.0,-0.809957845136523,0.0,0.809957845136523,0.0,0.0,-0.0216914415359497,0.0216914415359497,00-0023459,0.809957845136523,outdoors,grass,51,5,0,1,0,0,0,0,0,0,10,2,0.551837385632098,0.258120459504426,0.809957845136523,0.0216914415359497,0.433207958936691,0.651268175337464,1,-3.0,0.563002680965147,0.598615916955017,0.762430939226519,0.0212765957446809,0.536585365853659,0.504761904761905,0.62108922363847,0.425076452599388,0.370030581039755,0.0818795036319303,-0.0336614214389254,0.0038097369744135,0.000736680866125,14,14,Aaron Rodgers,260,0.0797751410311874,0.0026495103244475,0,0,0,0,1,0
2017,2017_15_LAC_KC,REG,KC,LAC,1.0,47.0,2017-12-16,15,51,(15:00) (Shotgun) 17-P.Rivers pass short middle to 86-H.Henry to LAC 32 for 7 yards (56-D.Johnson).,pass,0,1,1,7,3:25,LAC,away,KC,75,900,1800,3600,1,Half1,0,1,0,10,0,0,1,3,3,0,0.0,-0.407563980203122,0.0,0.407563980203122,0.0,0.0,-0.001023918390274,0.001023918390274,00-0022942,0.407563980203122,outdoors,grass,53,9,0,1,0,0,0,0,0,0,0,7,-0.597004517447203,1.00456849765033,0.407563980203122,0.001023918390274,0.433207958936691,0.651268175337464,1,-1.0,0.470737913486005,0.621527777777778,0.850828729281768,0.0,0.565040650406504,0.461904761904762,0.602534562211982,0.32463768115942,0.272463768115942,-0.0709572145765397,0.139538255906916,-0.0039864822654801,0.0037807791834124,14,14,Philip Rivers,515,0.130139099838119,0.0029489629585946,0,0,0,0,0,0
2017,2017_15_PHI_NYG,REG,NYG,PHI,-7.5,40.5,2017-12-17,15,51,(15:00) 10-E.Manning pass short right to 87-S.Shepard to NYG 31 for 6 yards (31-J.Mills).,pass,0,1,1,13,5:56,NYG,home,PHI,75,900,1800,3600,1,Half1,0,1,0,10,0,0,0,3,3,0,0.0,0.218830390833318,0.0,-0.218830390833318,0.0,0.0,0.0012426376342773,-0.0012426376342773,00-0022803,0.218830390833318,outdoors,fieldturf,35,0,0,1,0,0,0,0,0,0,5,1,0.0043512140400707,0.214479176793247,0.218830390833318,0.0012426376342773,0.546261787414551,1.45739114051685,1,-7.5,0.478723404255319,0.69205298013245,0.818181818181818,0.0,0.546353522867738,0.504761904761905,0.634118967452301,0.306748466257669,0.358895705521472,-0.11390592535607,-0.075919937846302,-0.0039143973047813,-0.0018773677989515,14,14,Eli Manning,525,-0.0472449704151268,-0.0006814453931875,0,0,0,1,0,1
2017,2017_16_ATL_NO,REG,NO,ATL,5.5,52.0,2017-12-24,16,51,"(15:00) 2-M.Ryan pass short right to 11-Ju.Jones pushed ob at ATL 34 for 9 yards (43-M.Williams). Pass 7, YAC 2",pass,0,1,1,6,3:25,ATL,away,NO,75,900,1800,3600,1,Half1,0,1,0,10,0,0,0,3,3,0,0.0,-0.826082721352577,0.0,0.826082721352577,0.0,0.0,-0.031284362077713,0.031284362077713,00-0026143,0.826082721352577,dome,sportturf,46,0,0,1,0,0,0,0,0,0,7,2,0.287827307358384,0.538255413994193,0.826082721352577,0.031284362077713,0.433207958936691,0.83965100068599,1,-5.5,0.491525423728814,0.527210884353742,0.772972972972973,0.0153846153846154,0.519065190651906,0.511111111111111,0.562569213732004,0.483544303797468,0.410126582278481,-0.0787761170355631,0.13667522029741,-0.0006213696658087,0.0023592854053635,15,15,Matt Ryan,507,0.131544618303597,0.0023768502455242,0,0,0,1,0,0
